experiment,budget,scenario_status,scenario_error,average_signal_capture,median_signal_capture,average_active_signal_exposure,average_active_share,average_ex_ante_tracking_error,realized_tracking_error,average_rebalance_turnover,total_transaction_cost,compounded_cost_drag,gross_annualized_active_return,net_annualized_active_return,information_ratio,maximum_drawdown,maximum_position,infeasible_rebalance_count,evaluation_days,rebalances,dataset_identity,configuration,tracking_error_budget,turnover_limit,scenario
te_turnover_grid,0.04,success,,0.8970578462367038,0.9201470463495216,1.4964542412880002,0.6108819900740977,0.038838215247678526,0.03780166637552868,0.14917579809978104,0.008801372087887081,0.010340553635473704,-0.004024251823797477,-0.0057845262413748905,-0.15302304887595025,-0.2497267492022458,0.09452572990232092,0,1260,59,a1f394431e1958c6a99d0ef5393dface76d568589010b66631e07acd157db1f8,"{""covariance_lookback"": 252, ""end_date"": null, ""fill_limit"": 0, ""max_missing_fraction"": 0.0, ""momentum_lookback"": 252, ""momentum_skip"": 21, ""optimizer"": {""fallback_to_benchmark"": false, ""max_position_weight"": 0.08, ""max_sector_active_weight"": 0.1, ""max_tracking_error"": 0.04, ""max_turnover"": 0.15, ""risk_aversion"": 10.0, ""turnover_penalty"": 0.1}, ""rebalance_frequency"": ""monthly"", ""reversal_lookback"": 21, ""signal_weights"": {""low_volatility"": 1.0, ""momentum_12_1"": 1.0, ""reversal_1m"": 0.5}, ""start_date"": null, ""transaction_cost_bps"": 10, ""volatility_lookback"": 63}",0.04,0.15,"te=0.04,turnover=0.15"
te_turnover_grid,0.04,success,,0.955457667835404,0.9624701997898015,1.5924849716218719,0.6235131752064246,0.039678229772611893,0.0379733057052073,0.25651210381388506,0.015134214125019217,0.017157360179678616,-0.010673363998350407,-0.01370020682335425,-0.36078520341924125,-0.2672576315831833,0.09473778813952091,0,1260,59,a1f394431e1958c6a99d0ef5393dface76d568589010b66631e07acd157db1f8,"{""covariance_lookback"": 252, ""end_date"": null, ""fill_limit"": 0, ""max_missing_fraction"": 0.0, ""momentum_lookback"": 252, ""momentum_skip"": 21, ""optimizer"": {""fallback_to_benchmark"": false, ""max_position_weight"": 0.08, ""max_sector_active_weight"": 0.1, ""max_tracking_error"": 0.04, ""max_turnover"": 0.3, ""risk_aversion"": 10.0, ""turnover_penalty"": 0.1}, ""rebalance_frequency"": ""monthly"", ""reversal_lookback"": 21, ""signal_weights"": {""low_volatility"": 1.0, ""momentum_12_1"": 1.0, ""reversal_1m"": 0.5}, ""start_date"": null, ""transaction_cost_bps"": 10, ""volatility_lookback"": 63}",0.04,0.3,"te=0.04,turnover=0.3"
te_turnover_grid,0.04,success,,0.9630875135287643,0.9681977057926535,1.6043753935039369,0.625248581427896,0.03990520471967561,0.037896250239105374,0.2747823549783589,0.016212158943723177,0.018560105317722675,-0.008555892727617797,-0.011798324516362436,-0.31133224110357155,-0.26522575767231404,0.09473778755973437,0,1260,59,a1f394431e1958c6a99d0ef5393dface76d568589010b66631e07acd157db1f8,"{""covariance_lookback"": 252, ""end_date"": null, ""fill_limit"": 0, ""max_missing_fraction"": 0.0, ""momentum_lookback"": 252, ""momentum_skip"": 21, ""optimizer"": {""fallback_to_benchmark"": false, ""max_position_weight"": 0.08, ""max_sector_active_weight"": 0.1, ""max_tracking_error"": 0.04, ""max_turnover"": 0.5, ""risk_aversion"": 10.0, ""turnover_penalty"": 0.1}, ""rebalance_frequency"": ""monthly"", ""reversal_lookback"": 21, ""signal_weights"": {""low_volatility"": 1.0, ""momentum_12_1"": 1.0, ""reversal_1m"": 0.5}, ""start_date"": null, ""transaction_cost_bps"": 10, ""volatility_lookback"": 63}",0.04,0.5,"te=0.04,turnover=0.5"
te_turnover_grid,0.08,success,,0.899032439956356,0.9225162393674169,1.500486030705158,0.624960587542885,0.039930343816150154,0.03881571670644195,0.14929647219577794,0.008808491859550897,0.010248527065415125,-0.005961519388168643,-0.007723217760078827,-0.1989714068269945,-0.2594750764285282,0.09437857583062474,0,1260,59,a1f394431e1958c6a99d0ef5393dface76d568589010b66631e07acd157db1f8,"{""covariance_lookback"": 252, ""end_date"": null, ""fill_limit"": 0, ""max_missing_fraction"": 0.0, ""momentum_lookback"": 252, ""momentum_skip"": 21, ""optimizer"": {""fallback_to_benchmark"": false, ""max_position_weight"": 0.08, ""max_sector_active_weight"": 0.1, ""max_tracking_error"": 0.08, ""max_turnover"": 0.15, ""risk_aversion"": 10.0, ""turnover_penalty"": 0.1}, ""rebalance_frequency"": ""monthly"", ""reversal_lookback"": 21, ""signal_weights"": {""low_volatility"": 1.0, ""momentum_12_1"": 1.0, ""reversal_1m"": 0.5}, ""start_date"": null, ""transaction_cost_bps"": 10, ""volatility_lookback"": 63}",0.08,0.15,"te=0.08,turnover=0.15"
te_turnover_grid,0.08,success,,0.9636666505220195,0.9705691298699896,1.6063531822831019,0.6435882956746135,0.04183998004926714,0.03963039128035816,0.25925830819002604,0.015296240183211535,0.01754866157934365,-0.008276311237421221,-0.011335559274063529,-0.2860319796963933,-0.26092565482703123,0.09474007921191281,0,1260,59,a1f394431e1958c6a99d0ef5393dface76d568589010b66631e07acd157db1f8,"{""covariance_lookback"": 252, ""end_date"": null, ""fill_limit"": 0, ""max_missing_fraction"": 0.0, ""momentum_lookback"": 252, ""momentum_skip"": 21, ""optimizer"": {""fallback_to_benchmark"": false, ""max_position_weight"": 0.08, ""max_sector_active_weight"": 0.1, ""max_tracking_error"": 0.08, ""max_turnover"": 0.3, ""risk_aversion"": 10.0, ""turnover_penalty"": 0.1}, ""rebalance_frequency"": ""monthly"", ""reversal_lookback"": 21, ""signal_weights"": {""low_volatility"": 1.0, ""momentum_12_1"": 1.0, ""reversal_1m"": 0.5}, ""start_date"": null, ""transaction_cost_bps"": 10, ""volatility_lookback"": 63}",0.08,0.3,"te=0.08,turnover=0.3"
te_turnover_grid,0.08,success,,0.9737183468718361,0.9778660212973458,1.6222992578129996,0.6534222079780314,0.04244981916340635,0.039859615745246255,0.28862431763146656,0.017028834740256526,0.01992004685267812,-0.004166440739984098,-0.007572207688035404,-0.1899719188572078,-0.25564178459590126,0.09473778779314292,0,1260,59,a1f394431e1958c6a99d0ef5393dface76d568589010b66631e07acd157db1f8,"{""covariance_lookback"": 252, ""end_date"": null, ""fill_limit"": 0, ""max_missing_fraction"": 0.0, ""momentum_lookback"": 252, ""momentum_skip"": 21, ""optimizer"": {""fallback_to_benchmark"": false, ""max_position_weight"": 0.08, ""max_sector_active_weight"": 0.1, ""max_tracking_error"": 0.08, ""max_turnover"": 0.5, ""risk_aversion"": 10.0, ""turnover_penalty"": 0.1}, ""rebalance_frequency"": ""monthly"", ""reversal_lookback"": 21, ""signal_weights"": {""low_volatility"": 1.0, ""momentum_12_1"": 1.0, ""reversal_1m"": 0.5}, ""start_date"": null, ""transaction_cost_bps"": 10, ""volatility_lookback"": 63}",0.08,0.5,"te=0.08,turnover=0.5"
te_turnover_grid,0.12,success,,0.8990324399621659,0.9225162382327601,1.5004860307257388,0.6249605884479964,0.039930343898381376,0.03881571696154134,0.14929647219966263,0.008808491859780094,0.010248527042006517,-0.005961519825843347,-0.007723218197799364,-0.19897141679623073,-0.2594750785528098,0.09437857584986853,0,1260,59,a1f394431e1958c6a99d0ef5393dface76d568589010b66631e07acd157db1f8,"{""covariance_lookback"": 252, ""end_date"": null, ""fill_limit"": 0, ""max_missing_fraction"": 0.0, ""momentum_lookback"": 252, ""momentum_skip"": 21, ""optimizer"": {""fallback_to_benchmark"": false, ""max_position_weight"": 0.08, ""max_sector_active_weight"": 0.1, ""max_tracking_error"": 0.12, ""max_turnover"": 0.15, ""risk_aversion"": 10.0, ""turnover_penalty"": 0.1}, ""rebalance_frequency"": ""monthly"", ""reversal_lookback"": 21, ""signal_weights"": {""low_volatility"": 1.0, ""momentum_12_1"": 1.0, ""reversal_1m"": 0.5}, ""start_date"": null, ""transaction_cost_bps"": 10, ""volatility_lookback"": 63}",0.12,0.15,"te=0.12,turnover=0.15"
te_turnover_grid,0.12,success,,0.9636666505104605,0.9705691299345238,1.6063531822601362,0.6435882966107042,0.04183998007783173,0.03963039130360409,0.2592583080243024,0.01529624017343384,0.01754866159054891,-0.008276310985305764,-0.011335559019992536,-0.2860319731176021,-0.2609256536873248,0.09474007950277491,0,1260,59,a1f394431e1958c6a99d0ef5393dface76d568589010b66631e07acd157db1f8,"{""covariance_lookback"": 252, ""end_date"": null, ""fill_limit"": 0, ""max_missing_fraction"": 0.0, ""momentum_lookback"": 252, ""momentum_skip"": 21, ""optimizer"": {""fallback_to_benchmark"": false, ""max_position_weight"": 0.08, ""max_sector_active_weight"": 0.1, ""max_tracking_error"": 0.12, ""max_turnover"": 0.3, ""risk_aversion"": 10.0, ""turnover_penalty"": 0.1}, ""rebalance_frequency"": ""monthly"", ""reversal_lookback"": 21, ""signal_weights"": {""low_volatility"": 1.0, ""momentum_12_1"": 1.0, ""reversal_1m"": 0.5}, ""start_date"": null, ""transaction_cost_bps"": 10, ""volatility_lookback"": 63}",0.12,0.3,"te=0.12,turnover=0.3"
te_turnover_grid,0.12,success,,0.9737183466842795,0.9778660212965417,1.6222992574304886,0.6534222109065689,0.042449819314773776,0.039859615764319394,0.2886243123682369,0.017028834429725977,0.019920046121916224,-0.004166444440404743,-0.00757221132634994,-0.1899720100445187,-0.2556417970701247,0.09473778791987125,0,1260,59,a1f394431e1958c6a99d0ef5393dface76d568589010b66631e07acd157db1f8,"{""covariance_lookback"": 252, ""end_date"": null, ""fill_limit"": 0, ""max_missing_fraction"": 0.0, ""momentum_lookback"": 252, ""momentum_skip"": 21, ""optimizer"": {""fallback_to_benchmark"": false, ""max_position_weight"": 0.08, ""max_sector_active_weight"": 0.1, ""max_tracking_error"": 0.12, ""max_turnover"": 0.5, ""risk_aversion"": 10.0, ""turnover_penalty"": 0.1}, ""rebalance_frequency"": ""monthly"", ""reversal_lookback"": 21, ""signal_weights"": {""low_volatility"": 1.0, ""momentum_12_1"": 1.0, ""reversal_1m"": 0.5}, ""start_date"": null, ""transaction_cost_bps"": 10, ""volatility_lookback"": 63}",0.12,0.5,"te=0.12,turnover=0.5"
