,SPY,IWM,EFA,EEM,IEF,TLT,LQD,HYG,GLD,VNQ
2011-01-03,0.3,0.05,0.15,0.1,0.2,0.05,0.15,0.0,0.0,0.0
2011-01-04,0.3013660753125877,0.05057786952655353,0.1503708283075735,0.10038748392937356,0.19824032386969578,0.04933871385869629,0.14971870519551958,0.0,0.0,0.0
2011-01-05,0.30126047045785703,0.04983811285494786,0.14993981630422507,0.10086693691981621,0.19874644326845026,0.04940676486646646,0.149941455328237,0.0,0.0,0.0
2011-01-06,0.30375897435540394,0.05057809013310661,0.14975909664632864,0.10092630236718082,0.1972108425341773,0.048467295191068495,0.14929939877273413,0.0,0.0,0.0
2011-01-07,0.30382253871633125,0.05045155480592149,0.1483586583447878,0.10007529652921195,0.19866205292284272,0.04878498870912021,0.14984490997178446,0.0,0.0,0.0
2011-01-10,0.30324371455720106,0.050166950514999795,0.14777473614256417,0.09915767121601649,0.19999485991487295,0.04904803706688674,0.15061403058745873,0.0,0.0,0.0
2011-01-11,0.3029134088249038,0.05046300180328916,0.14754214540432675,0.09814602556159653,0.20071096413386835,0.049321937390998404,0.15090251688101697,0.0,0.0,0.0
2011-01-12,0.30332020164261436,0.050556374476732426,0.14822112232217213,0.09897793949199113,0.1994838302268281,0.04893810887515681,0.150502422964505,0.0,0.0,0.0
2011-01-13,0.3038175442433195,0.050616787772026314,0.15037710030489856,0.10022857458804423,0.1974537308016986,0.048201125908078124,0.14930513638193466,0.0,0.0,0.0
2011-01-14,0.30288958317825104,0.05052576719550662,0.1505707547922455,0.09921398763570795,0.19850095645482718,0.04856337156831034,0.14973557917515146,0.0,0.0,0.0
2011-01-18,0.30441062671087077,0.050792633882832255,0.15115375889744065,0.09928501289136744,0.19751583944340562,0.04814686303875218,0.14869526513533107,0.0,0.0,0.0
2011-01-19,0.30474244149640056,0.050799426809846136,0.15205239954267938,0.09907942063764547,0.19691169559839602,0.04789218226161948,0.148522433653413,0.0,0.0,0.0
2011-01-20,0.30338020870578414,0.049761459177621946,0.15182423746777302,0.0988432232917198,0.19847991704664988,0.04849785380518501,0.14921310050526618,0.0,0.0,0.0
2011-01-21,0.3048569426753029,0.04954724919192,0.15145490630575692,0.09836719908102053,0.1981583288118858,0.04812551305428505,0.14948986087982885,0.0,0.0,0.0
2011-01-24,0.3051148890233039,0.04914606223735374,0.15206202838893965,0.09720331092221969,0.19853628424086625,0.04843851960936857,0.1494989055779482,0.0,0.0,0.0
2011-01-25,0.30545127616169054,0.04928329522472823,0.15297865725734852,0.09750964740972219,0.19765242688750123,0.04823879241374896,0.14888590464526047,0.0,0.0,0.0
2011-01-26,0.3051453926985585,0.04928320398108471,0.15243644835726733,0.09677722784257606,0.19833972040528233,0.048622045781072175,0.14939596093415902,0.0,0.0,0.0
2011-01-27,0.3060167663495201,0.050017281063517584,0.1532508064859305,0.09753070277921555,0.19693718699667873,0.04783713730318174,0.14841011902195583,0.0,0.0,0.0
2011-01-28,0.30612160930442484,0.050056285581174954,0.15328188987164265,0.09699234749817322,0.1972559894747638,0.04795069523892491,0.14834118303089555,0.0,0.0,0.0
2011-01-31,0.304335392763526,0.049410407211109314,0.15164769340578113,0.09503733689229299,0.20050598337017975,0.04877288038740196,0.1502903059697087,0.0,0.0,0.0
2011-02-01,0.3,0.05,0.15,0.1,0.2,0.05,0.15,0.0,0.0,0.0
2011-02-02,0.3016167890906768,0.05061991924620944,0.1519532227713516,0.1013525275834555,0.19698947463097496,0.049232404245685736,0.14823566243164601,0.0,0.0,0.0
2011-02-03,0.3017614591065288,0.050550344488775885,0.1521922242637665,0.10083757999605543,0.1969952998934407,0.04936131241906156,0.14830177983237117,0.0,0.0,0.0
2011-02-04,0.3027795009063593,0.0507867734053742,0.15239210547015158,0.10082332320139915,0.19609625189246632,0.04900834384326288,0.1481137012809866,0.0,0.0,0.0
2011-02-07,0.30402774531506765,0.05094154408953538,0.15253841727459377,0.10093159666964356,0.1951377434412567,0.048573802237396345,0.14784915097250653,0.0,0.0,0.0
2011-02-08,0.30490903527471525,0.051273971667654086,0.15250523162775434,0.10072505095215152,0.19440256294436553,0.04866270174082017,0.1475214457925392,0.0,0.0,0.0
2011-02-09,0.3061501338266133,0.051611842978238676,0.15343283660523244,0.10072055200596255,0.19297657985210326,0.048192849319417704,0.14691520541243205,0.0,0.0,0.0
2011-02-10,0.30582913942757206,0.05144560400913326,0.15316907730966733,0.09852666491336698,0.19431382105784986,0.04867156499349261,0.1480441282889179,0.0,0.0,0.0
2011-02-11,0.30703182823719616,0.05183269107179686,0.1527086182059714,0.0979424965091645,0.1943659490802944,0.04828059820302901,0.14783781869254772,0.0,0.0,0.0
2011-02-14,0.307001600169036,0.05207845389700735,0.15186227762833826,0.09853936769053709,0.19408165805088823,0.04868044040377045,0.1477562021604227,0.0,0.0,0.0
2011-02-15,0.3074322237208234,0.05229269336842703,0.15200992152301115,0.09794479477607891,0.19395122323028569,0.04866446096173654,0.1477046824196373,0.0,0.0,0.0
2011-02-16,0.3066270563771562,0.05202233058720944,0.1516413519389073,0.0981909936475808,0.1944979582312736,0.04890779341996644,0.14811251579790624,0.0,0.0,0.0
2011-02-17,0.30721619759616337,0.052211932336644166,0.152792836507186,0.09857887100262372,0.1933749422637356,0.048537183842109005,0.14728803645153818,0.0,0.0,0.0
2011-02-18,0.3071469139535829,0.05240974155297103,0.15282328652159674,0.09860574461053477,0.19346858059312683,0.048457205681030666,0.14708852708715725,0.0,0.0,0.0
2011-02-22,0.3072215295128796,0.05236989464920446,0.15306141727562209,0.09902315887167555,0.19307104313003962,0.04821730636003025,0.14703565020054862,0.0,0.0,0.0
2011-02-23,0.304729770062009,0.051648024378872975,0.1505007623283829,0.09702838471284603,0.19731345280595755,0.049536531256328786,0.14924307445560292,0.0,0.0,0.0
2011-02-24,0.3037573365280455,0.05090845590465182,0.1511486100457315,0.0974034855927828,0.19741091558768625,0.04986420077970528,0.14950699556139693,0.0,0.0,0.0
2011-02-25,0.3031018752100773,0.05115839775387114,0.15105147661010507,0.09749858554198831,0.19762969452308124,0.05010761144824986,0.1494523589126272,0.0,0.0,0.0
2011-02-28,0.3035997959654733,0.05187436812641514,0.15148695447536584,0.09778560959911381,0.196491163452709,0.049951232435206265,0.14881087594571674,0.0,0.0,0.0
2011-03-01,0.3,0.05,0.15,0.1,0.2,0.05,0.15,0.0,0.0,0.0
2011-03-02,0.297602518073784,0.04942979692964732,0.14920990738588935,0.09984743291945124,0.20199550879543676,0.05058765195870606,0.15132718393708525,0.0,0.0,0.0
2011-03-03,0.29813413835600455,0.04962080576822301,0.14994389527300742,0.10117773989408488,0.20086347742419486,0.04979247655782404,0.1504674667266612,0.0,0.0,0.0
2011-03-04,0.30095401895478546,0.0503611259747614,0.15070152723171867,0.1023942151403933,0.197976321927788,0.04892881275016726,0.14868397802038574,0.0,0.0,0.0
2011-03-07,0.29909967869117027,0.05020937490612702,0.14953598981532532,0.10264094213791988,0.19966170108370973,0.049402408375029204,0.14944990499071836,0.0,0.0,0.0
2011-03-08,0.29891545007600295,0.04974731767487348,0.149174952831351,0.10193445030870527,0.20061914990363172,0.049444825685682564,0.15016385351975278,0.0,0.0,0.0
2011-03-09,0.30024387823311816,0.05034131703955716,0.14900367626148484,0.10286027926390152,0.1992882692797366,0.04893369634522859,0.14932888357697296,0.0,0.0,0.0
2011-03-10,0.299206035142125,0.050038112686789135,0.14875059042701122,0.10284903005256478,0.20004711978996015,0.049308216827208366,0.14980089507434124,0.0,0.0,0.0
2011-03-11,0.2967617576667387,0.049265267398503454,0.14658707084432335,0.10085514605025764,0.20387335526862652,0.05066399747853909,0.15199340529301122,0.0,0.0,0.0
2011-03-14,0.2981254072052585,0.04928023664971675,0.14624767136845027,0.10165966442575279,0.2029236629439676,0.05026119860231456,0.15150215880453963,0.0,0.0,0.0
2011-03-15,0.2973598831584527,0.04918710037290248,0.14413674162305848,0.10261302082740573,0.20408974941888156,0.0504146264110187,0.15219887818828046,0.0,0.0,0.0
2011-03-16,0.2960510633258696,0.049097158503902553,0.1421266946290971,0.10162670345641707,0.20629236461693687,0.0515346591079948,0.15327135635978212,0.0,0.0,0.0
2011-03-17,0.29326902035819347,0.04905786507185241,0.1389969977629465,0.10047546836906777,0.20998020289246624,0.05260122965758405,0.1556192158878897,0.0,0.0,0.0
2011-03-18,0.2945853482469876,0.04874001690591676,0.14238282977232847,0.1008364152156526,0.20753085622001455,0.0517474627565503,0.15417707088254978,0.0,0.0,0.0
2011-03-21,0.29448736256981317,0.049191055579583275,0.1437807046262841,0.10061553477341244,0.20657873163757984,0.05168103955096971,0.1536655712623576,0.0,0.0,0.0
2011-03-22,0.2962895400211852,0.049865371984387286,0.1459700231892937,0.10160383578962404,0.20360932397404125,0.05090241415847406,0.15175949088299465,0.0,0.0,0.0
2011-03-23,0.29551142117659635,0.04964351712758029,0.14567497203146074,0.10199857170042584,0.20388981956354313,0.05111542001188948,0.15216627838850427,0.0,0.0,0.0
2011-03-24,0.29573807427699056,0.049692973863827844,0.14554255092536472,0.10312822869465489,0.20320399585924576,0.05094299587347458,0.15175118050644174,0.0,0.0,0.0
2011-03-25,0.2972646539627885,0.04981798436991333,0.146840113421811,0.10386211124684241,0.20128417328948575,0.05033953566385248,0.15059142804530662,0.0,0.0,0.0
2011-03-28,0.2985513666213808,0.050315685750533974,0.14541021211107688,0.10388415053635257,0.20099999171860022,0.05027791432961845,0.15056067893243721,0.0,0.0,0.0
2011-03-29,0.29819544456012853,0.050268230589003496,0.14551815986550196,0.10348648032235772,0.20131576516163627,0.05041171877905641,0.15080420072231573,0.0,0.0,0.0
2011-03-30,0.2993858640985046,0.05060256124599205,0.14588206702200587,0.10438946062607642,0.2001890132439936,0.04988843538963827,0.14966259837378934,0.0,0.0,0.0
2011-03-31,0.2992401766744986,0.050880368518482974,0.14653514757174813,0.10495039701173282,0.19940426510807585,0.04991708676154492,0.14907255835391697,0.0,0.0,0.0
