,SYN000,SYN001,SYN002,SYN003,SYN004,SYN005,SYN006,SYN007,SYN008,SYN009,SYN010,SYN011,SYN012,SYN013,SYN014,SYN015,SYN016,SYN017,SYN018,SYN019,SYN020,SYN021,SYN022,SYN023,SYN024,SYN025,SYN026,SYN027,SYN028,SYN029,SYN030,SYN031,SYN032,SYN033,SYN034,SYN035,SYN036,SYN037,SYN038,SYN039
2018-12-20,2.6963591467463743,-1.0252773818675696,2.9715847220142675,0.50932690965642,-1.537805843851023,-1.3369967807153222,0.9047971032756648,0.9462266356446991,0.10201591082897288,-0.5498840722062888,-0.2589097672375239,-0.5364465519787903,-0.6256073769266159,-1.1449477897591134,-0.048938619389262916,1.0472192972789018,1.2063123844322932,-1.727327231222146,0.5006922439128666,1.418969477244738,-1.1371720738651465,-0.07401386679623878,-0.7568069107272097,1.2813694298951714,0.8795035463144578,-1.1181791310327138,0.5303633262685166,0.5334457597266478,0.46334886058338015,-3.4346948563145356,1.9191607466784808,-0.8294122809688591,0.8780433800446513,-2.1657462326014816,1.9614613046756182,-0.11076985219171098,-0.8129517716607806,-0.7426118478078236,1.5773993593401143,-2.3530993054420684
2019-01-01,3.0857098009440143,-0.15965294453688322,2.3927422092132247,0.9659957820326962,-1.8703893441758253,0.30441224145095236,1.2288873102383953,0.5007274600677462,0.03316471512029584,-0.953619602889624,-0.7403167408187412,-0.6486745915537109,-0.31992398161702446,-1.5865490310379444,-0.04172602362422306,1.1950653575625,1.1734284589192523,-1.6885579082717803,0.19846130401127604,1.5696670955425163,-2.1137963684969288,-0.2378776110482916,-0.6503149221908687,0.014865144804501906,0.8822491434601205,-0.8428096011138207,-1.0164024164254046,-0.2536136095974823,0.06755654996247665,-2.8085404459771146,2.7960910801755476,0.24860528179858027,1.1024490457233598,-3.3591341711163936,2.4291864148005176,-0.08856491074092865,-0.5192256080998974,-0.3782788442542204,1.6481535411919461,-1.5594492594328113
2019-02-01,1.3747129305344006,-1.1502722247752148,2.855680839730181,1.3855446807012044,-1.4258118171778915,-1.022773934478411,1.3509513094909342,-0.3655561003087686,1.9173780449510307,-0.2517776197035885,-1.8366592617769149,1.4565415335279868,0.21490750284989693,-2.5424240775166136,1.6303814564270906,0.3159534079672038,2.3174595997213054,0.3291954436347009,0.3864226729983157,1.6694946640122308,-1.7663168939144758,0.13312236720599496,-1.8416346218157889,-1.886599840757527,0.040399079324436926,-1.659018636227711,0.3412122925792651,-0.7622436661208601,-0.9378504958749693,-1.681291091157989,1.551133594920406,0.305492546987685,1.6619589609227734,-1.697518267331915,1.8703516548808716,-0.25681644662409897,1.1173551406007438,-0.045286538153788136,-0.8497722439823542,-2.2460259462697767
2019-03-01,1.169091427887076,-0.26815861990565537,1.6122757040346347,1.4083807423137031,-0.7931610190675258,-1.3169892478398069,1.0611227573653617,-1.646968814536959,0.39626242720172833,-0.32663493745502115,-2.2134594864028605,1.1506688992416598,0.46268783021133486,-2.1953808995312842,2.9877656704601234,1.0618699002112473,1.5428464904230825,0.07352730619432568,-0.3295683969039169,1.4944000223180214,-1.8735395144012277,0.3236446448906364,-0.5391136057689385,-1.2941635442401744,0.6484779713462487,-1.9774199270682187,-0.6999179983733301,-0.20879263862117378,0.018499688051598295,-0.45217503061026626,1.7144202497509982,1.0517006894869327,1.6303502616954375,-3.1766588002252734,2.042857444540305,-0.8700361327855144,0.024839556704356558,-0.26718910703316356,-0.986278509513028,-0.4400834540454304
2019-04-01,1.5182251451729294,-2.404138032061019,2.606972621485398,0.7419376610777301,-1.98986725702865,-0.6502799681740838,0.2592663225318489,-1.714395333910402,-1.5710393632666881,0.9853572727758293,-1.183493597532772,2.1028587844923097,0.2548048534606351,-3.313930621654714,3.5060601908321423,2.0455034230383635,1.5836688729622739,-1.406112949417472,-0.8647833946947137,2.07466740093802,-0.1398169347933187,-0.2638179878941541,-2.8939429969844923,-0.9725557273907273,1.8984569919908405,-0.2933889259824841,0.0040102824005767285,0.6900013408946546,-1.717162062521819,0.0712816520381469,1.630000026796241,-0.2258155400093549,1.2827218960748603,-3.2948804042492466,2.4374006051337576,0.058688564637360996,0.14492531055219343,0.5763711073636931,-1.1879777948113261,-0.38578143427235956
2019-05-01,0.8687218985172074,-0.0670158420440845,1.3936477433818437,1.0118846388953797,-1.838783649771874,0.4744375709800761,0.1852082644046918,-0.6878863467634444,-2.236620555692631,2.0967324826093208,-2.411991835872056,0.5373125524563385,1.1531861357880635,-1.867250881856504,2.674472788129388,1.181343645276274,1.3314103633745,-3.1321394181661892,-0.6452961595887274,1.6173449353006069,-0.3296268295085474,-2.033006087137945,-0.798584839141018,0.7549905696410706,1.4181778626584742,-2.938576503402907,-0.10048623460864183,0.6151660845643628,1.1328825806156937,-0.8509282371182372,3.2717121610714694,-1.8683225664751264,2.4829692474538843,-3.274134086631201,1.7512369939166432,0.09735584333231462,-0.2304872887354302,-0.45628618746717076,1.0810805122009728,-1.3638513245868231
2019-06-03,1.9610146098391446,-0.2237208889970281,2.259802882281881,-0.26850327917236616,-0.7522216450613861,-0.7268071277487018,0.9476383148918373,0.1386720932798583,-2.4869677899886717,1.481688939592365,-2.340556904726659,2.332904847219769,0.6039899212053813,-3.1908901527070217,3.023715797255232,0.8843244605057743,1.1776837664445827,-2.1540024456039895,-0.18182858568531107,-0.372191610069589,-0.37015984600976926,-0.7435059064025646,-0.9934043499102448,-0.5980649087520159,1.906882190601701,-0.13395756565432396,0.9769039708490631,0.3005168563723696,0.7041764609536854,-0.20233198642806982,2.2679968256939973,-1.9846340212583469,0.43004815422792,-1.8885443306886147,1.1127162098992873,-0.24310991659188141,-0.25953013507465883,-1.3217391650080033,-0.5646866670532025,-0.5093170725214443
2019-07-01,0.847110876632208,0.41187370627109676,1.1088398233903403,0.4171104272534394,-1.6025848162961458,-3.31615855272375,0.9213153350833443,-1.0674538424559132,-1.0216728559903012,1.0169045044603655,-0.989742890920445,1.7396945355088056,0.5830914862989962,-1.1736266814708898,3.283382818980361,0.883095095786793,1.6071866128970755,-2.3330451061892434,1.0041864478921954,-1.7174195210349648,-2.0642272258472327,-1.5335089386654963,-2.50314317516798,-1.4631324443490108,1.103568883832641,-1.1063787534355516,0.36315479710799214,0.4217801985703806,0.5734150151728017,1.2871658543656397,0.9204000909049175,-0.8774455990628669,1.4068442833713788,0.02965517582405952,1.342315291612255,0.9216810520826547,0.6177059275964575,-0.6840714525340488,0.29799888403513247,0.34413473121250227
2019-08-01,2.481222969859777,-0.5881679807168261,1.40970727213465,0.6986087215571228,-3.173971710317824,-0.9003910905644078,1.2777823612447887,-0.9252574245215041,-2.1704864845662533,0.790987413329558,-1.0121793297082864,-0.2811818599117532,0.0028313089559908744,0.2026596014845086,2.7354352968325495,1.0732212970688473,0.6147765163805035,-0.44431713689729513,-0.48842778341017556,0.12278287892055428,-1.5366967352592371,-1.196813773249874,-1.066958678815096,-0.31401949242573596,0.4996928251216245,-1.6194040247375607,0.5900960179427037,1.6827546843506456,-0.6726930498704345,0.7927551205481296,2.21648407563094,-3.06259897641139,-1.1744019422886791,0.08052614290027699,1.5191827788187868,0.7051226523519353,-0.7307188223017205,1.317306532461335,0.480710379406874,0.0640394486719309
2019-09-02,1.1184013666644876,-2.1297742137168103,1.6442876977642626,0.03838908037832062,-0.375411400285821,-1.6668353030407166,0.5418826586709413,-1.264054000237679,-0.6411740406615662,0.5809078286881308,-1.2136690268811103,0.9806655296562213,2.4291111498344446,-1.2840698054635218,1.808297848375537,1.4952981850530798,1.636182012993765,0.8798050389568526,0.48182599604988535,-0.4728434394631803,-1.026580671810882,-1.6321352177517974,-2.393444466185918,-1.3468945947741515,0.36506168500163855,-1.5949592795256153,-0.7482865893811105,1.1054112083634584,1.0436797993829632,1.5662999467221523,1.3842832911701675,-1.7513947233242702,0.2537591042379712,-0.06571825601212769,0.21090935814670042,2.217283512218572,-1.0235393309202765,2.14028005337699,-1.6696341122351372,-1.6216038800348638
2019-10-01,2.8159318619840725,-1.8473364126817045,1.9145928193168,1.1366345261744073,-0.5953885468334073,-1.315899281162144,0.9676925733744396,-0.5343614472315799,-0.577427001062368,0.9878836770748186,-2.7255038389246202,-0.22226526673787916,1.7494325948397313,0.7787360231541807,2.344079336335514,0.7813574738172591,1.0084272029363606,-0.5193066501344281,1.558892288676894,-1.1316854868059267,-2.254726147010228,-1.1340747073136013,-3.5095191406765562,-0.5589962327232897,1.2811701536004605,-1.4249399264565294,-1.9263809373556473,0.6386295351710969,0.530882977390144,2.5114275873004988,0.4650978538722625,-3.3930149860845926,1.5344993597972167,0.18357296657210337,1.4711068207023823,2.455119190398748,-1.2371152077435117,0.8875225123018122,-3.0892258611025554,-0.00552225675058271
2019-11-01,1.043607148062458,0.2906978727188567,2.3852206485441076,0.9246237845431541,-0.9203316939388599,-1.620400814387477,1.2067620173407483,-1.1984820843052377,-0.8493350334091001,1.0443833236394062,-0.7597039417712426,0.3576583689256816,0.28657029437076764,1.0767715036758936,2.4380343051706346,1.234534574890648,1.1804096540467508,-1.4093461055305632,1.8717542168098436,-0.9955311021854206,0.1960410753842271,-1.0328376677338822,-2.357950764212952,0.4511924142814171,0.6723690317935409,-2.620993012247954,-1.7611461890598323,1.2546272358088701,0.2689552115944356,2.8136317286029326,-0.3260238028265716,-3.5576014385343737,-0.15815586514764107,-1.1183036777852213,0.932651497454867,2.029018317810481,-1.3016475188513499,0.5949553358634454,-1.9296078035741058,-0.6370710458313844
2019-12-02,1.3316854334965686,-1.9952802295608654,2.2039482403727413,-0.19216912316804063,-1.832253650402606,-2.2912623603795508,0.9790943422647305,-1.7589931388630324,-2.403406265802622,1.5426284086635293,-0.5815333932360102,1.128289200678719,2.375835824261079,1.2689659998489295,2.982497833485059,1.5306558408717157,1.4470794002260046,-1.2525887756965144,0.20094546851888234,-2.8492518914072353,-0.4294820640519261,-0.1448682412887743,-1.1030886506681232,-0.4684613812425369,1.094494345137095,-2.2524114872712495,0.6406204827331641,1.852480237604268,-1.653337628867043,0.6681166312067054,1.7174495755981063,-2.1524438619906356,0.38474580676726455,-0.7904742811831177,0.24392439998049853,2.90762202870219,-0.6647808649930063,0.20138776428182503,-2.0920892680151884,0.20570929338901311
2020-01-01,0.8694104292113163,1.0080693196506414,1.6111934194791788,-0.25625004199308743,-1.168833558553811,-1.5440854427473698,1.8941690453622946,-1.0995637561087654,-3.409234088829799,2.059511428568679,-2.3807079256144785,0.44893191891514567,0.16304783200837158,-0.1121204108588594,2.166892222378282,1.6290768187161837,1.4597479948216263,-0.8771236953213173,1.3729569781940831,-1.0962432109856222,0.10944733990178648,-2.104379158189939,-2.25676810444751,-0.46583799711234186,1.4085976824413293,-2.6501215487302687,1.144162486964204,2.1241175215109402,-2.7987504595492307,2.413795230857785,0.12631424426643528,-2.588506854223306,0.9861415409486625,-0.8505651764175718,1.466124137608249,2.5096047643767103,-0.10712943880294631,-0.582128151847626,-0.37228715844404353,-0.2506761774040345
2020-02-03,0.0659231430006974,-0.7113858201276707,1.9989370612486355,0.8994241394050309,-1.3444872275298825,-0.912904897153443,1.868110816027839,0.7854657283659303,-1.2297983529884597,0.46198805081776445,-1.0201411563972873,0.4566318532788163,-0.2332454482964178,0.001834758550605775,0.3579077884651918,0.6660306443987792,2.3287234140137203,1.1530659474296825,-0.38426475684660977,-2.0071486875575957,-0.7198876197236428,-0.10197443469761958,-3.3669246690520045,0.9861834165060974,1.7982104117070823,-3.7437106200668646,1.6724173238865054,1.2967136315560477,-2.337684356349536,1.2872623444533606,-1.6703333622504797,-1.1813597204006567,-1.6683546573744787,-0.18314707549407616,1.36497172623431,3.073552340961944,0.5195998099248632,-0.11525248077215933,-0.3168812187423763,0.2059322115883318
2020-03-02,1.3079442583745804,-0.6094995498058026,1.6883616244675885,0.484489917018974,-0.5817700411338821,-1.2119939964746318,0.880548744769655,-0.0012654429918768778,-2.3010027462823737,0.6368806898203587,1.0508720792756305,1.655566386524688,-0.2657084011377795,-0.4253795250944437,0.9478512715331429,1.5915402855218321,1.3038773937437842,1.1738300731536582,-0.5770543658775692,0.11382007678759254,-1.1089286007507402,-0.30655479081378323,-1.9612276105914062,0.39315458340660525,1.4348859071647087,-4.321073124004974,0.00514798352261317,-0.989924951254664,-2.9321758658263875,-0.09612368396939035,-0.9726447746152007,-0.019822418954577647,-1.4222932697163129,-1.012734729504776,2.0020009609510345,3.3668896586760733,1.411471230376049,-1.0324597423640185,-0.6845023616097011,1.3850068676857317
2020-04-01,1.0046917135856364,-0.21933996432074832,3.3337800549170025,0.7184662779405626,-1.7034287817324945,-0.9840999321913134,2.8001034735822867,-0.32882380791081456,-1.6039376506339706,0.2945354261563296,-0.5633147558514897,1.4471898367976204,-0.04723738723142967,1.2348612973378288,2.2435151428279623,1.8998880699602099,1.906397355831003,1.4260747374826175,0.9149944033792334,0.613398492551404,-1.6716181374011465,-0.22202557461583922,-3.9327162090215504,-0.3737303431391532,1.074350386471581,-2.6633304742331947,1.6755682378415688,-2.2759231484901967,-1.6543883283402467,-1.0984285003866412,-0.5453903765200114,-1.5837850556917552,-0.8876757599630475,-1.9669481573891423,1.5400092361703757,1.4209861844851888,0.29748976276781697,-1.422397390092449,-0.4002671917901969,0.3025068368605751
2020-05-01,-1.6821169671157987,-2.629183937755143,3.1740977889958524,1.134360598367216,-0.20854142128556796,-0.9927333676642982,2.6768620280914193,-0.20198031929628885,-1.0666333567129826,1.205391570868803,-2.687080276291238,2.4513021711588663,1.5082024023155893,-1.2474022246916998,0.6851605592904181,1.7971193677503865,1.276443036304749,2.4601797639936454,0.2949849068141648,1.0338972981977141,0.41518288308079593,-0.5773275262871123,-1.5299247940288732,0.46004769543568946,2.1320841177257974,-2.118707125068271,-0.5470671500016488,-1.0899657840356087,-2.1732486735539953,-1.9152338208656199,-0.36432348356211497,0.5240269365469832,-2.17612221699043,-1.6952303421151136,2.7499152967438256,0.5314158635500339,0.33660337274137897,-0.38508736619729333,0.21134356541259106,-1.7707110698668156
2020-06-01,-0.16225242895494862,-0.8384314313639984,3.1645056232684743,1.0315927216437304,-0.883132063070692,-1.911312685627584,2.0169979910292013,0.5087687300745325,0.13055244491830942,-1.36543456936655,-4.182124490783982,2.2622983770816587,1.5756243072140483,0.7804405890240931,1.1252120985795304,-0.26111147248340266,1.7952675436620544,1.0320939548236172,-0.4555498601446928,-0.7409290718167202,-0.8235690213450103,-1.2838561794143621,-1.5323623234620678,1.4123015065703914,3.4406061451979437,-1.3025724803762841,1.4554833147465494,-0.5761185959436695,-1.5460441638079074,-1.1753442330826576,-0.7944165784842918,0.8728391895244931,-1.0250858842900326,-0.23841294642911257,2.83298748318315,-0.9524024350320665,0.6681499670747488,-1.9513627687885573,-0.8993733066711439,-1.204522996876792
2020-07-01,-2.4398650226879264,0.55265647081435,2.7499214923332866,1.572291893978197,-1.4974705858746744,-1.7381740870127333,1.5068224108244028,0.9910823993944203,2.340233229795881,-0.20538992416128243,-0.8853988312624921,2.25858285045455,-0.5819249417168789,-1.0136802843851855,0.8481515961240305,0.0375576932970656,2.2370994277583454,-1.13279333571972,1.0677581916473038,-0.6456878180459033,-2.3696672073197282,0.5019994406016541,-2.6422007916244286,-0.7107425682617251,2.226897114981116,-2.8389469652484762,1.5854593023326968,-0.9612870491241707,-0.07078613318630245,-1.2635842685915522,-2.7770685371734434,0.24551310001297033,1.302392954202338,0.9884888017052347,3.047701018065632,1.1043470861460158,1.5018916860219846,-1.8266373717317443,-0.42073033907352453,-2.6448120982895684
2020-08-03,-2.1518052027218872,-0.24842724550578377,2.76607496951874,1.5920486691686477,-0.8305986192330037,-0.45119110818944697,1.1470503768728428,-0.15677651231004164,0.8861254299342188,-2.231422576406464,-3.8222195921334503,1.1103309690348455,0.7131968276306078,0.3958253197362525,0.15736845414989092,1.6446112940448454,1.8756842087015753,-0.7218640448354907,1.05952352521003,-1.1028924405564242,-1.9971504999188472,0.4903756971462912,-2.4146962189225305,0.9639726602879164,2.077084317654599,-1.632083601746968,-0.42278681609038726,-0.43638910445190143,0.5284922958278051,-2.2786199083708274,-0.7155465889643398,0.9933959587412201,0.8175266471001765,0.7494253348128265,2.33832585340419,0.2674955558250836,1.3292428472811257,-0.10462496585286106,1.2026824338655122,-3.386764599738571
2020-09-01,-0.6645239889813651,0.5976136003413288,2.6759052597988338,0.7289241044953604,1.2291787161281773,-0.9557073269660661,1.5644029598085134,-1.2174384487572476,0.335936210155653,-0.7847720355027218,-1.836793557496708,0.32886071029646446,-0.5209362396788821,-1.958002146051519,0.7659430543940429,0.520179120067332,2.6316457413881937,1.3773239541347047,-0.2346407161050664,-0.921850969666093,-2.67684513552816,1.5360443864529598,-1.275158355894867,0.5262766951048503,1.5279772279857335,-0.17977332409877927,-0.8470595707178479,0.04921160835021984,-0.39075164762867165,-1.7593404392770773,-0.12706712406597775,0.01810021132474804,2.3847470838747125,-2.2093632991572716,1.8090462666029612,0.2723102862524048,1.391777925014397,-1.0010891876488863,0.5022855880475281,-3.212577196795953
2020-10-01,-0.14587721684478472,-0.49851330854269826,1.3368021138397526,1.611931072913817,1.6956140991507118,0.28133653630013755,1.5878461279864948,-0.34211174342103867,0.1200503657641292,-0.774906362443685,-1.742017440423501,0.7247288823130553,-1.1617073860810612,-0.931926638632709,-0.8550441999889502,1.085044759725964,2.5547849158459863,0.20127109331238802,0.13135180363254279,-1.2404306400525664,-0.5667074684661593,-0.2825428703474615,-3.480560633626635,0.5166923124507735,1.2078130013392394,0.4962830628784468,-0.5342098125197823,0.48957502807896414,-2.1810198806765766,0.3654373441514711,-2.576372363902838,-0.9084360247456816,0.8375313944756035,0.11398956013843298,2.355818418228354,1.637621047893714,1.1099040867068541,0.7644649462525207,0.6546067383997167,-3.658114721062922
2020-11-02,-0.6956375010500266,-0.35123691908044286,1.0015646848612685,-0.08660559099308807,1.7405213499275105,0.6267657890809488,0.4860050790180763,-1.7673530721734163,0.8475361557549679,-2.192856135428088,-1.433627106149599,2.144772016335888,-0.9351558102200634,0.08858714829441261,0.507542006851623,1.050303184302729,2.176064944142159,0.7050865428417352,0.21294311944047678,-1.5945327245632834,0.9646089269061509,-1.0454230237527806,-1.0626939917560128,-0.5977134112414051,1.5644420710375455,0.9517329795005252,-0.3166009530633932,-0.41872992357409733,-0.4871412780411627,1.5886728740168783,-1.5830441832464144,-1.5064718516682094,-0.996719871247612,-1.9957740206001056,2.083667121093783,0.4415194909457277,0.01170053091082629,1.4584552407139098,0.17711495724300785,-1.762288845370956
2020-12-01,-1.0642984300096878,-2.1070755882332683,1.3431578984279824,1.2745042515279643,1.6315516900544218,0.9081749908941408,1.132337134695383,-2.056734621556708,0.7700603798449728,-1.2268453250749825,-0.7029109102145707,1.651410143629938,-1.5080056271368103,-0.1883886587328963,0.02735807583945299,0.45951346881017957,0.9789087448225773,-0.4683772458626465,1.9735221832024603,-0.7272756657405477,-0.13076049103196524,-1.9683226050306541,-2.0202553018753426,-0.7246648502745322,1.2624294416906157,0.24312594923413128,1.0934480366355719,1.438605884336545,-0.26956065831880505,0.6634711720126696,-1.2410661259257227,-2.7162192315149456,1.8033913503168606,-1.1904356089921666,1.7462950277550757,0.4026588187368628,-0.7393094405840879,-0.1818938854675919,1.940862863955911,-1.5123872348458054
2021-01-01,-1.7917167513846217,0.0588170633236508,0.33495330967440506,1.5591529190211475,0.3635707244820583,1.3500423113906392,1.8531929480890346,-1.828894574537317,1.2594662471137141,-0.9977079982660202,0.12101848897343248,1.656545324358254,-1.2855838964815463,-0.15849627901161173,-0.22798988652391872,0.22149928325000223,2.428838261796195,-2.5034091935189435,1.585661167984332,-0.635405661380633,0.33652801828431644,0.02662242306262222,-3.042211594193355,-2.5336861822800247,0.5761980111383114,1.0228982139967908,1.5969462963735965,2.401237497985827,-0.7772573312096457,-0.7733152643934008,0.3274009785344073,-2.5101615951509295,-1.335737389184062,-1.6009094413436653,1.0738780345859482,-0.708567361996755,1.9144110421512806,1.2465442868548537,1.0368986592270066,-1.6412711107954103
2021-02-01,-0.521161763196708,-1.1870901241093086,1.658950899981492,1.8868048548881187,1.2035387708596987,-0.4831021298584951,1.1190903853601368,-2.178492918026365,1.387813073262373,-2.04983233509358,-2.5833363442397648,0.49922563173691303,-2.2251558373920406,-0.6974706838776616,0.2202327106966612,1.4605878721320575,1.5715629591891969,-1.9416350347407705,1.5541970450941638,-1.3125887269061125,2.000832683599768,0.8730248780042663,-0.6144671059909148,-2.5186728758154233,1.3109158076182463,0.2842634300295993,0.3318410669494519,1.2950733608316172,-2.2274198899001965,-0.5588879129376803,-0.701126575482935,-1.224569887878746,0.8580688381462587,0.3702229736817607,2.1117458642416715,0.707799117645159,1.3994058073428337,0.22476536992778162,1.816330417884973,-3.1212836736575196
2021-03-01,-0.5341842622896856,0.6143970701443686,1.8916453696472866,0.9857937839333131,1.6639703386343225,0.15550941181275807,1.3269379342679772,-1.4646982467261582,-1.025772026656149,-2.0563847095584964,-0.21200621246098006,0.9258685888639291,-1.5066233586901665,-2.155091486900358,0.8917501074383867,0.8039456640660523,1.6076785980210078,-0.6548655019720327,0.20775598752979674,-1.1670812290264518,0.9829676550106334,0.9681193666457093,-0.9621345183984821,-2.416303428108874,0.3557289521089579,-0.9992091901244251,0.9860057853674598,0.40824950239881264,-2.9220590121972405,-0.48637485403853986,-0.5779071040654832,-0.0732555105354441,0.5007089407205102,-0.40376147705511944,0.7533195491345221,1.1243296060774306,1.5617516048231184,1.2705077939217504,1.4652710200677679,-1.8345005018317582
2021-04-01,0.811420128643608,0.22018882454036426,2.2581783710319483,2.057014751504222,2.241748920162578,-1.6637445346865385,0.5319022930680868,-1.963616307107557,1.8598264077640723,-1.2558403491264865,-0.01685377386911291,1.0425722166105773,-1.6250136937266406,-1.3503946585298952,1.0079168613410248,-0.597194605178643,0.7779547113059994,-0.20067117098968357,0.689039116621675,-1.4001111730749134,1.079304535959409,-1.0321354732961276,-0.1765546451688509,-2.1001107480130106,0.9619705777960617,-1.3506673053334983,-0.4772038849981761,1.082928531876169,-3.4286154438606125,0.9516923936109171,-0.07450259145653851,-3.15904453913989,-0.07056139614545992,-0.8631539747489902,0.6521625663417588,1.2025134381188796,2.5953056956673564,1.3772083602532987,1.3108003553266963,-1.9056587890940886
2021-05-03,0.8246606301531199,2.1897838396178657,2.085255078514818,1.0128199962868971,2.769511381045914,-0.4059163917769718,1.0800447904205213,-0.5774667758413603,-1.1083796008644533,-1.9685684935313303,-1.1326859211143887,0.7582752483116943,-0.9478756546332502,-1.2023642923844882,0.5388934932207528,0.2986974445700152,2.4929615833479715,0.9796108480647727,-0.008937726442606042,0.34045089847416543,-0.46852750938296195,-1.1697011433323292,0.3324779329940632,-0.8977438414766937,0.690986864684731,0.31206011699901526,-1.7266574182720442,1.5755445433685331,-4.002326056548099,-1.861198062374387,-0.4244840795968742,-2.4085082645638445,-0.1927908078362286,-1.6145341164317353,0.5342490275918885,1.4896128306141265,2.3502127112206117,-0.04540977859155998,0.36656640030580445,-0.8585997248116766
2021-06-01,0.15734680192090222,1.4927047710231511,1.1585071455654095,2.1984436977012636,1.4055704746854438,-0.2921569208942172,1.7221925686937745,-1.7027133276090225,-0.05464841233997426,-1.221303658091054,-0.7934438684634244,2.286885866305301,-1.9387543290862823,-0.07964151411167716,0.3737763002675006,1.0949969276124936,1.4525194303996594,-1.607523035788817,1.4373451077597204,-0.8597532772141384,-0.46635593197538705,-1.6306556996007242,-1.1074209234882235,-0.8899250418984995,0.37110163333695045,1.8651641407822186,0.08670723643248683,0.04140458009584069,-2.737867563253225,-1.1179051660329367,-0.520331437174218,-0.49384919779815994,-2.992455458036548,0.35415617004458644,0.6443532193120267,1.3731130509675944,2.51114351676792,-0.5560539500637336,0.8080221401699385,-1.772696066923944
2021-07-01,0.37582245897446287,0.34958878908476687,1.1540598110300873,1.2476841760317885,-0.13744793975791691,-1.3138227637541298,2.002374871900149,-1.448472823575164,0.10119196328755853,-0.5514983518299118,-0.319851063743683,1.071375996022482,-1.8230164042479282,0.18242692008749128,0.476567515623594,1.6652680372997357,0.906260458426716,0.534342415834438,1.363298775218351,-1.0136374365913778,0.7032390648305407,-0.2986040036431341,0.8610409609210112,-1.8307122248389196,0.10144124518071063,1.6775079004151308,1.610816940094906,0.33771444718699506,-2.7939471406025302,0.5874699259971081,1.0816887543111091,-2.539464177675614,-0.06820063672904075,-0.5537026650695487,0.561667617344412,1.5091999439639088,1.5597333328891037,-2.1244849919666042,-1.6537304059859252,-3.5511892919451293
2021-08-02,0.03946501912593764,0.6341863973993894,0.1325940100992541,2.093106239122975,2.4405997566208906,-0.643353833722081,2.087732713863109,-1.6380700431496749,-0.41666806972958786,-0.4828127370288241,-0.9866241984310321,0.3084711374437136,-2.613693840525456,-0.44826590463930344,0.7813094177693534,1.6340715921397326,1.9867712711037648,-0.7218938002299976,1.336066226343933,-1.1052760115556493,0.10257375897900584,1.2650574585172198,-0.6432668147917598,-2.9846016701313753,0.6513393490886117,0.16570339993896588,1.261779660401507,-0.0840276482703124,-3.4323993883549906,0.7602966601262668,-0.25173566091041916,0.9805341921537551,-2.473002484260149,0.2919031050833891,1.8310739819528001,1.6596085382325123,1.9638327651060548,-2.494735156645126,-0.1985779137670894,-2.789071474469324
2021-09-01,1.980153149292466,1.8326297401052536,1.9322003599122917,1.966573180022496,0.501398286590219,1.0549868775908307,1.3186605815711407,-1.9377569030137003,-1.5971832746099652,-1.11539026362614,-0.3179674409838269,1.649510207504139,-1.3197638217606955,-0.29954054585852885,0.12332422450554825,1.449886801382547,1.628584442186741,0.6348846998737432,1.5996646030730353,-2.519031944525972,-0.44726160059752124,0.529935159775283,0.4117437625090178,-2.213703902119213,-0.9291411716351541,-0.5784670029653243,-1.4702573016100933,0.756966388063914,-1.755196079338931,-0.5677830127225345,-1.0242555477162445,-0.22157107181379365,0.5062929360934615,1.3869307200226055,0.08276622555430524,1.4692584916461544,1.2846782317445185,-2.3645861081489565,-0.4209064273238362,-3.001265648649307
2021-10-01,0.9820735888038303,1.2586887938410136,1.7127356930198574,0.48556418263291257,0.6230636108119001,-0.17214343380840536,1.900557133981183,-1.1725557890133733,-0.4220900186629315,-0.5169422940866597,-0.5375150707299651,2.614954013178203,-1.5940048847771249,-0.9606948294578146,2.0275668660722284,1.583349043827698,2.4961911391714993,-1.9825187872982624,1.365587137462406,-2.5924009556325216,-0.2954315790431523,0.8701812614984253,-0.08355691859316083,-0.9071352971570956,-0.6327927513258282,-0.9785030307338326,-2.911200877869423,0.9189316047547069,-0.36721041978091984,-1.5372654461950763,-0.148848797352366,-1.0813285386711962,0.6762900233217477,-0.06496333155254952,0.3548627016588802,1.9616009025367582,2.6828256501342875,-1.8283209565844292,-1.9571191364140341,-1.7704802019673993
2021-11-01,1.134939643383596,0.06342585444094073,2.0376644946172227,1.4939363286290948,1.619035583206061,-1.6123403000711658,0.8999716797667106,-0.43245617204983355,-0.17751269299725608,-1.9085098328087133,0.7010688668502817,2.1491297713221162,-1.4900730910409679,-1.4763852362421563,1.7967733709300424,0.7223699942775189,1.1466089467044467,-0.23146605511958906,1.9546755937411668,-2.287258261457832,-2.191746696964613,-1.0615433914448134,0.22779747101891396,0.4643498634033157,1.1713170095279053,0.29538153100034154,-1.980711207028226,1.4438764517942255,-0.8943165283006892,-0.34168442688119127,0.24990994464810395,-0.14801006056280228,0.021370471066844254,-0.46341559478396943,1.3044149409265131,-0.37287871103473536,2.831131960044061,-1.2252182866646395,-3.305671368399324,-2.1279518574469223
2021-12-01,-0.5100164413622257,1.3351247569698526,1.870988590571002,1.0379231555426345,0.9683936486490903,-1.915719260056365,1.2787186611037276,0.3047114026350254,1.6280189604856385,-2.067112674773946,-0.40676120763561113,1.1550710402769901,-2.0651466625223853,-0.7329039271100367,2.209031285624122,0.6533888055530799,1.3825307255245614,1.8230710350626809,1.43443520161459,-1.0873814005552873,-2.5270948703692206,0.1824518520035635,-0.14417110794880975,0.9926917913340206,0.8448972129378881,-1.742149625705581,-1.865775354197428,1.5445541385960841,-1.016533990605605,-2.386635185676211,0.12735497194942436,0.4949258709131751,0.4459889079269659,0.09667707468665565,1.209406324939384,0.028023970248616317,1.874228909257876,-2.5453190442707614,-0.827175765722924,-3.082711775894233
2022-01-03,1.2108935964132845,-0.3295758396437275,1.4338693156417381,0.6536783539016457,1.2170700289484107,0.4188209477172435,1.2025549579289172,-0.242212049800825,1.2234464129583869,-1.910149642696461,-0.412897723686834,1.170318589796374,-1.3627079946932013,-0.6438785800867751,1.8581932355059914,1.449689786921887,2.1409374226216253,-0.05828991724062357,0.6857213280082018,-0.950501483871283,-1.9256498214926396,1.1870411273086976,-1.4497073080499518,1.3421283168930564,0.6936166526463556,0.4770554507227768,-1.4837234364244678,1.6214090342856449,-1.9291946199605252,-0.2845521869065364,1.1566419583275462,-1.915978369688868,-2.1564400372995234,-1.0478910958290084,1.1647048765140449,0.49668482631182703,1.4955031442987812,-3.3481256723981003,-1.267673011248414,-1.5808305726546499
2022-02-01,0.2119525013567517,0.5241843314820794,1.5747004849010309,0.7737350029665623,2.6780501576328795,-1.1184111608134668,0.31625566888289736,0.14498701770990785,2.0759191390643332,0.08788913050721647,-0.48349231631180645,1.4053404611906868,-1.3458928732038369,-2.981745553511213,1.675187203555805,2.0691561075083764,2.114500618508115,-2.7599040515723763,1.6451916782321243,-1.6423243983718119,-0.8211518275886686,1.6026740352948003,-0.5156023892745385,1.1379613576522276,1.7578240589316478,0.7341429119300005,-1.259140555931172,1.8082037298472118,-2.6107166677502245,-0.9439833787062839,1.0800049942938945,-0.8183849937497042,-0.9783738664782703,-1.6965413025790774,1.529606909191557,-0.2571842490156717,0.2122452841191358,-2.3677301372562614,-2.572788492282645,-1.9863445703622395
2022-03-01,-0.5368821875377661,2.589914857041518,0.720033085759572,1.3074633107360125,0.5185689277563128,-2.629505668526449,0.9096209946629571,-1.8337327328146493,-0.5477216015454704,-1.7596107477220713,0.9964994426090921,1.1666069458776946,-1.7310061772961063,-0.5439327863072893,3.032078470362699,1.6078054966648285,1.8234578770857919,-2.7720226070698732,1.0522947893628634,-0.32880451082249174,0.23649231113924452,2.319878947908926,-1.9445993964194708,2.183496213480936,1.6574585121888923,0.31726055355242266,-1.2161072241824864,1.7530319163330392,-0.7406809681867563,-0.18767165506954342,0.00392966710361356,-1.1726977203971594,-1.4037963963589075,-1.588387069554497,2.4953612697198144,-0.07941009963861546,-1.1267833867676358,-2.045258679197752,-0.8820554595753365,-1.620586514355936
2022-04-01,0.20391193206030606,2.7524364875486715,1.160092225493956,1.561808784377405,1.4335006749579213,0.45712967368291024,0.5955359771192504,-0.8627477893601927,0.043248397164476704,-2.296037701542742,2.0140088235691422,0.8617294751379211,-0.9756810294346081,-0.582141870043499,1.1816305965215097,1.506273189827645,1.466784752840978,-0.38038194975735784,0.7975503144378346,-1.085625790176884,-1.0042501488151576,1.429522559863389,-0.7613750533840027,0.23329889534213555,1.0289265329535633,-0.8744545819996985,-0.9143105106231946,0.2227802070619216,-1.3455289356199656,-0.16386561696726537,-0.5668066028373147,0.34169650219942804,-0.6685998170670086,-2.2847717296193784,1.9955387503925355,-0.20092745418484442,-1.402297961089848,-1.6846662805966521,-0.9961732459989694,-2.2367606834342952
2022-05-02,0.490777387112193,2.514168849083804,1.4938522895848414,1.1708557359687053,0.5982127583586978,-0.05937371073440789,1.262712349195808,-0.41335016883948594,-1.4309713665884871,-2.2892248046897175,2.63399092409303,0.36170751323892314,-1.79015896979638,1.606740756277877,1.5569581082600932,1.9012383467937242,1.7457800456061787,-0.9443311863909718,0.43330859429965707,0.013272205855458907,-1.129501566822971,1.377774842104908,-0.7910778724054577,0.4281421672711402,2.0429398441829485,-2.4691454301144447,-1.453881193285926,0.6469586012177867,-2.4953598193236335,-1.080777809627453,-0.7327401640877433,0.14066209446869637,-2.2452983889305815,-0.5796109953907373,1.652489612845308,0.018530959452106296,-0.8253684183926189,-0.8869707942747387,0.09949665634857144,-2.5734279819246675
2022-06-01,-1.3114908147337965,2.346565344111674,2.4458292824224452,1.4630775159934102,0.7570915846562264,-0.8123039735708353,1.6360027869129978,-0.501061542999857,-1.8663029803679776,-1.1706373371224017,1.1093061060524505,0.6827775845101962,-1.874158069782291,-1.008159104701906,1.7047401606977994,1.203747244159418,2.984834897752924,-0.8803899082361468,1.2566184087859593,1.002655286250786,-0.9920559284594516,1.6841799200247456,-2.1973091198444554,0.4555717101950917,1.6800738916037092,-2.2376517285633546,0.8814893396022935,-0.9125810044274582,-3.0662184964941184,-1.0755250518272734,-2.4396226625267365,1.359947763485314,-1.9543489955940163,-1.1999076733618028,1.0398027810806667,-0.08774173256872025,0.10868221248758125,-0.36871093129605736,1.1368708583826477,-0.9836876226896913
2022-07-01,-1.5067999872630136,-0.3225145715507638,1.338070228509722,0.8384877616411023,2.0440219365696706,-0.36152626471123306,0.7422072529247761,-1.2322771076004526,-0.8583071496164826,-0.9295152765633053,-0.6537850300781843,-0.21111086871208307,-1.3763099724174643,-0.12051733821170696,2.2146922740071546,1.5328778882516223,3.095856590180464,-0.0797762534922152,1.9885890361430987,-0.7304420861425731,-1.5057562915273652,0.8600820744311606,-1.9153497354049431,1.6371131611991383,2.2190610472733874,-4.220502708605872,0.5269733761552787,-0.2546295923474453,-2.3513505439068254,-1.1956833147779615,0.05785058151752265,0.21291356005930906,-2.3383604796538453,0.22146874043090575,2.2213170942001734,0.22790068022273524,1.1932436014324423,1.4291686345147125,0.41615131634709235,-2.8535322634277227
2022-08-01,-1.242846788134813,1.3377556456522082,1.3244903558623045,1.6490742431070795,3.4262932970653166,-0.648429912036111,1.666033697998952,-1.5871445779143554,-0.7712837521654851,-1.3053124149185058,-1.9292979125349705,0.6163233622416443,-2.7896057966994143,1.733466880119116,2.0544474990557045,0.7751922996808304,2.5292198038770213,-1.1136359854071156,1.1978870185791723,-0.04789530735639552,-3.31048320728103,1.1422720838328404,-3.3614549576461683,2.5507419843892936,2.4787237066518997,-1.3873008421126916,0.7750078114481682,-0.5508285133033203,-2.7961771538657345,-1.2732570730130157,-0.5954154412803436,-0.7825459186097825,-0.8275720539694253,0.8399576194951,1.456724166789158,-0.1634830308163509,0.4772832954078041,1.2936622653665992,-0.3294328035906662,-2.5111535939645018
2022-09-01,-0.45244969912457267,1.226974947164162,2.018450630616554,2.039884012459219,1.742491166292285,-0.6621392821351231,0.6255708436218408,0.041471583317277905,-2.230636687443799,0.8097476657004913,-1.662185682296271,-0.6769758372294077,-0.6895737649949852,1.3573346600892702,2.279275828119986,1.29860342515202,1.6912218984433387,0.17537800251630709,0.4050273001659979,-0.4706998774532134,-1.7668934285115945,-0.5238154522532645,-3.8853774742451925,-0.4542522337740503,2.3288984070457177,-2.186051031672789,1.3851315704205267,0.6774637021372504,-3.3553144030230957,-0.13256275542131352,-0.6284449519591147,0.9329832026548264,-1.6117892472882456,-1.7962087968174072,2.2935834540868854,-0.31600384615829347,-0.6635247254398726,1.8910082659085974,0.7203974088507751,-1.7759987975217317
2022-10-03,1.1206407793546225,0.48000482949837747,1.5349811281309511,2.461802430859827,-1.0200595373946706,0.011388044421720422,-0.1423495957188478,-1.1064109281261356,-1.3272552925922882,0.5623955577005513,-0.5447387699867887,-0.41325486493873687,0.8169858862353369,0.9962602181701898,1.713317766215927,0.12400440579956362,2.363896472510976,-0.3084605301420197,0.2480848367836535,-0.13386805523103495,-0.09872489484546426,-0.934002419282869,-2.8836526190638487,-0.9835491196374077,1.9116605257130008,-1.1489347475098959,1.2153823196710671,0.2219965752550462,-3.527490241598246,-1.4982566267696105,0.38364127554181904,-0.8295205758035693,-0.6133614070984559,-1.1572258767610433,2.7431630041535735,-1.317395783817444,0.07655860882536562,2.466949111747456,-1.0017420300149014,-0.46285986025575787
2022-11-01,0.5519377717527593,0.187218125492856,1.4292159830766369,2.3863574201090656,0.04609471962192721,-0.9054988215062999,1.4899015930906334,1.095364351367618,-1.69843509685421,-0.9228615291763155,-0.8462124098738402,-0.8789803063993686,1.9145061149414668,1.5590629708842887,2.279379820048969,0.079225666028722,1.4014876296754033,1.0964490438340475,-0.14177346140867086,-0.3762073239590558,-0.0670952228692259,-1.5010945497563093,-2.16210339916394,-1.0346346197010612,1.078748650729225,-2.9605221433542086,-0.4713619301967573,0.5579145051722724,-2.5438733386443455,0.11283328359428348,-0.6993176722730647,-3.4125869884956224,1.432152415922654,-0.9823723539036688,2.2846367956987823,-1.1422906837905846,1.0282260693973022,2.2226915560369855,0.960015147241325,-2.446197782390662
2022-12-01,-0.31398653445258445,1.7208246341477964,0.37005962577117174,1.7290666407207562,-0.5088187742892097,-0.36405770381587177,2.0009276734097106,-1.0433556245081412,-1.7593541730444548,0.5264547259959675,-0.5636495021014735,-0.23199387864395404,-0.9944679491528758,0.9246933453795396,1.8356748451083311,0.3002453553097104,2.339501890928778,-0.4753759362238782,0.5524815178127906,0.3249490099060728,-1.7592832987208866,-0.3296535648352636,-3.4905756013502276,-0.255685616704306,3.0296968956047574,-2.0014347964580907,0.23877466659662788,-0.12036247042775816,-3.012423118482913,-0.316232513935138,-0.8527855163899951,-1.018965698431265,1.765891227263375,0.8948413203559468,3.6902415875579524,-1.9454160624668302,1.8089152538805418,-0.10126870418724249,-0.3310025255549607,-2.2630906515724885
2023-01-02,1.8614389321470683,-0.09042957141760044,1.0859747666963906,3.0217669759498875,-1.7392512400254505,-0.15732656896835498,1.5569688747384314,-0.2582953010636555,-1.0434106335929967,-1.668682039512889,-1.9833465555885625,-1.0434801822301019,0.8801081052073548,0.7223946559506043,0.5670652354977198,1.2987285370800752,2.6953499547102746,-0.31364176810183453,2.1724420039481123,-1.1474113662912548,-2.62763551495848,0.36332242045154844,-2.992714578871156,0.02306161052048239,2.6666354499871834,-2.6820047506945692,1.7104055910265654,-1.1934495200993638,-1.6290660839657072,-1.671021604339777,-0.42584272260061706,-2.833743077938077,0.4734348697544283,-1.2522806763331769,2.9747482496658666,-1.2417155552848307,2.192541386246966,0.6616476610957475,-0.4710744718264296,1.5377885030301697
2023-02-01,0.5633263971661613,0.5390735580005854,1.2640733860600821,1.995185585883043,-1.256349198464548,-1.03194257674586,2.1274955077860382,0.5684291773920851,0.7507002026759431,1.2360479269336437,-2.9796556626478785,0.19568831191718555,0.4727052722551669,1.1818395616922173,0.00966180919029802,1.556712217656615,2.4498714129400634,-0.18126126725591873,0.9956611357410005,-2.0848792931865536,-1.1607262905269955,1.2968268179033005,-3.6642616500912863,-1.194287973034415,2.3603926250943217,-1.511898330393647,1.1250487692111435,0.8353391445276318,-1.3968862816104037,-1.2106195778557556,0.09057230603921462,-2.4837735367359186,-0.5496766446049749,-2.4359083443032827,3.148015970840162,-0.36446451080678816,1.4591508801045807,-0.9055258315387289,-2.59422000704366,0.7845189998361566
2023-03-01,-0.08997656241731977,-0.804600823288573,1.349341001812299,1.630313136828154,1.8526513986319992,-2.703682028997905,0.7316874722615343,0.497510553973066,-1.5285306583582714,-0.3015217613216573,-2.1021641481522284,-0.8857934537788515,0.9837373443530923,-0.06850876163079318,1.1162485073234125,1.3997320605219474,1.4313181657987044,0.35161668994656925,1.493616065249914,0.29992182934025247,-0.6689630216974191,-1.21933698063097,-3.4166892068521504,0.4763310962386647,1.5132982702749451,-0.33395414554348557,1.924648819311348,1.6849122229943703,-1.1156839112874672,-2.32902804501264,0.4408779832599698,-3.560512941536323,-1.5518180716998633,-1.7403872666506943,4.197991764333882,0.18959274993800931,0.6242796603493711,-0.08365770107936343,-0.5227830393241485,0.8379657365186293
2023-04-03,1.7074097520068203,-0.3993089538233178,1.1792160604093358,0.9128670369831686,0.9415937386575167,-0.2158906371638073,1.1244032653257685,1.943808486934993,-0.6783944871892558,1.4319785423436038,-2.1041184772129866,-0.01123624432631809,1.4211430376970213,-0.5470833332546302,1.1941532880334988,1.148622595442329,1.337998188956026,2.3653341556764858,0.22261331101245524,-0.886287530784085,-0.6273145075758338,0.5805923811682534,-3.266521278455761,-1.4271825005702998,1.1990649555053456,-1.300801554678931,0.6712397461877149,2.3848147665989465,-3.047504333126919,-1.9051191366694025,-0.11095571178556943,-3.9162975114258076,0.8698658636595161,-2.338818297654449,2.506175478354362,0.502194067331164,0.18217789412197877,-1.7086924924858993,-2.1905008963588255,0.8547612721357973
2023-05-01,1.7978231258205313,0.2192761103180072,1.1141318407312366,1.8765932352493366,-0.4152115147600136,-1.1861208354546657,1.187049615887482,2.066739356460491,0.5057502488645282,0.3777508553544954,-2.743157362290665,-0.037164919163571175,0.9818992544321212,1.146913879700636,2.1724805563253704,0.36852756685610033,0.7643606490212768,1.552253292231373,0.5086731885385158,-0.5924655958832217,-0.40417952122952616,-0.6486048549436617,-3.474923771433824,-1.6670523196384122,2.0844009624602826,-0.6299289319488652,-0.4623375349218025,2.7232369647349217,-0.570518669483413,-1.329531920474145,-0.9784671017362466,-3.0595133545254583,-0.8853619356458626,-0.5110012502438028,2.449926311538954,-0.3454309033003752,-0.20543612236313843,-2.442682388739186,-0.6932435355824743,-0.615452670763298
2023-06-01,0.5815632487702502,-0.5095481057385302,3.1065243585547178,0.9857962122222612,-0.4706692840067872,-0.7067051320629523,0.8466985598127327,1.4792048694724524,-0.09935383784375318,-0.05598220952310784,-2.2573734209625895,-0.8208856565449894,0.7630553854184711,-0.09980259422723814,1.380767028092243,0.21904539908901982,1.0030203814278331,1.4155697462883237,1.044232645897905,0.09602497313403213,1.0027440076825977,0.12424164052558817,-1.5952642605828184,-2.152021410203577,1.6862233160388178,-1.8599510323786674,-1.8995192745560452,2.177172625148506,-0.7100662606955352,0.16189262081460123,-2.6487424667144936,-2.5334021390928685,0.5091686429925367,-0.4367334039211346,2.5924989669387664,-0.8597434507374805,-0.1309004228115191,-0.6113326629269697,0.17741895147050324,-0.8948665542610772
2023-07-03,1.5879557838815714,-2.150213383692395,2.4817242478399573,1.0386370774037603,-1.6594853139534669,-0.9799594968659657,0.3906637015085677,1.8741514202378204,-0.3393338822156108,0.7276534633073881,-2.786105048575981,0.2707450406081373,1.6338330399686996,0.7192897090391529,0.1783526529259526,1.1926381939449089,1.8168612237722472,-0.2686640656377104,-0.22066831881927418,0.8205606081647538,1.190255548188984,1.735301594045147,-2.085075076645084,-1.4474945786055706,1.379642303317403,-1.8195581284438194,-0.27864757007976165,2.427822868183957,-3.4127192588167623,0.09585535694077202,-0.8284638529255697,-2.3211798364714786,0.6687528333243744,-2.6220123027554845,1.9397056285347483,0.13208395941718554,-0.3346682758509486,0.299936793979961,-0.03315468773151653,-1.01501997044905
2023-08-01,-0.43408640483012584,-1.3337680561950482,2.4689712618535795,1.3452055044133422,-0.7747545357345861,-1.6008728550934328,1.2458892938186934,2.5845323733177508,-1.3720867653713293,0.22397385685420046,-2.1970777867988946,0.470720781652001,1.6400298937800577,-0.18960500569390282,1.394456490101055,-0.4217226034194563,1.6994551632461625,-0.12534083357698655,-0.07568912457701699,0.5845898233608063,-1.6830560718735303,2.5664782800601507,-1.644068714788059,0.5084999386940181,0.7467277599439486,-2.8880132137441135,1.311410211970821,2.345829020435461,-2.824593248481765,-1.0253416665054749,-0.7353319453230213,-2.5056241409772557,-0.3258768135341431,-1.0058300087229373,0.8746450122786948,-0.5577209104955699,1.8536493528841196,0.8431395414736758,-0.16507343126209023,-0.8226694231397811
2023-09-01,0.06178831925961201,-0.8051167846154945,1.33111926552562,-0.22102564954806303,1.0323043974434643,-0.5699943940130177,0.47987198990255997,3.138158509528258,-1.8424244689675875,-1.1704752241316718,-1.5939136746177744,0.5523822687239377,1.2994629316333102,-1.9927245354119636,0.7870002012068813,0.6804293686867025,1.0388923599318876,-0.44102673888909283,-1.2802716835650596,1.3484491246822925,-2.026121215224539,2.803127483552992,-0.8670907015207487,-1.0387799712078274,1.4658944583191593,-2.446050363378511,-0.07243756923414219,1.495835686922129,-2.9424093207401927,0.4355819623237608,1.3463036078083723,-2.664305839591749,0.05933631860302774,-2.0692560643170936,0.8846898528172037,0.7803157961593921,1.0291669820277076,0.7684627949775911,1.1846402351648977,0.04021028377375435
2023-10-02,0.6006203377832369,-0.13882519105128766,2.081931001720498,0.22625189562363088,1.002139622337753,-1.1967453052298307,0.538496707002549,2.701380531548503,-2.7512303387652097,-0.7644055672368478,-1.6823069872353817,1.027131455592256,0.4575332688730152,-2.0617557060046745,2.798689582323927,-0.4572262303443426,1.7432653808759202,-3.397443712731043,-1.3341086462721998,2.671348688389931,-1.0764209129100384,0.39804578842375127,0.17488663933248472,-2.966580561720436,1.4245360234723943,-2.8447756574974004,0.09684000171502044,2.2492104450011148,-2.4814676263485396,1.9550625498068386,2.161836691547936,-3.144211163140044,-0.1338598392234508,-1.8206749086250815,1.4597501610736294,0.05752950448346039,2.234546517525496,0.7994078773471354,0.053169298686673416,-0.6615716161513654
