period,scenario,status,error,cumulative_return,cagr,annualized_volatility,sharpe,sortino,maximum_drawdown,benchmark_cumulative_return,tracking_error,information_ratio,annualized_arithmetic_active_return,annualized_turnover,total_cost_fraction_sum,compounded_cost_drag,average_absolute_active_weight,maximum_position,average_estimated_tracking_error,mean_ic,median_ic,ic_std,ic_information_ratio,positive_ic_fraction,gross_wealth,net_wealth,gross_cagr,average_one_way_turnover,average_rebalance_turnover,average_active_share,execution_constraint_violations,solver_failures,policy_frictionless_cagr,policy_net_cagr,net_active_vs_cost_adjusted_policy,average_signal_capture,valid_capture_observations,excluded_capture_observations
development,fixed_risk,success,,0.6575393629980943,0.07499238843081857,0.09480798710560334,0.8104177648842377,1.1136427223934686,-0.17783811789615844,0.710834635859749,0.03653338996777749,-0.10400636514862399,-0.0037997050971057423,2.0686985184620914,0.014456262265919617,0.024127571704723794,0.08787045539984945,0.37425853709200924,0.03205718694657951,0.012121212121212114,-0.012121212121212121,0.4338106323392126,0.027941251821910373,0.4880952380952381,1.6816669347028161,1.6575393629980943,0.0772177656010522,0.0082091211050083,0.17209836030856684,0.4393522769992472,0.0,0.0,0.07987177211104779,0.07975678927415641,-0.003693364412012394,0.665022872337177,84.0,0.0
development,te_4pct,success,,0.6890824912727154,0.07789623365297738,0.0885890180641621,0.8912580852011905,1.2363772287723593,-0.1514956023738333,0.710834635859749,0.02986458736818747,-0.056190412745203575,-0.001678103490683647,2.076289303202059,0.014509307392614386,0.02468300022594372,0.08543986115134414,0.3742585370898294,0.030219468077774477,0.012121212121212114,-0.012121212121212121,0.4338106323392126,0.027941251821910373,0.4880952380952381,1.7137654914986604,1.6890824912727154,0.08013630594301024,0.008239243266674837,0.17272984991207602,0.42719930575672077,0.0,0.0,0.07987177211104779,0.07975678927415641,-0.0015717628055902928,0.6617226699611299,84.0,0.0
development,te_8pct,success,,0.6575393629980943,0.07499238843081857,0.09480798710560334,0.8104177648842377,1.1136427223934686,-0.17783811789615844,0.710834635859749,0.03653338996777749,-0.10400636514862399,-0.0037997050971057423,2.0686985184620914,0.014456262265919617,0.024127571704723794,0.08787045539984945,0.37425853709200924,0.03205718694657951,0.012121212121212114,-0.012121212121212121,0.4338106323392126,0.027941251821910373,0.4880952380952381,1.6816669347028161,1.6575393629980943,0.0772177656010522,0.0082091211050083,0.17209836030856684,0.4393522769992472,0.0,0.0,0.07987177211104779,0.07975678927415641,-0.003693364412012394,0.665022872337177,84.0,0.0
development,te_12pct,success,,0.6575393629168806,0.07499238842328126,0.09480798709641512,0.8104177648795976,1.1136427223630794,-0.17783811792510973,0.710834635859749,0.03653338996394928,-0.10400636537538577,-0.0037997051049919604,2.068698519291993,0.014456262271719044,0.024127571713235874,0.08787045538985853,0.37425853709189355,0.03205718694325307,0.012121212121212114,-0.012121212121212121,0.4338106323392126,0.027941251821910373,0.4880952380952381,1.681666934630116,1.6575393629168806,0.0772177655943882,0.00820912110830156,0.17209836037760767,0.4393522769492927,0.0,0.0,0.07987177211104779,0.07975678927415641,-0.0036933644198986126,0.6650228723392767,84.0,0.0
development,turnover_10pct,success,,0.7126067950502484,0.08003177042593967,0.08804685822478923,0.9186514144589741,1.2906226623446162,-0.14122400357150433,0.710834635859749,0.02649310806170049,0.009458639050025856,0.00025058874646895506,0.8741698690719553,0.006108782299348069,0.010491616476851151,0.07509202768871975,0.36362587541363883,0.0263529873383834,0.012121212121212114,-0.012121212121212121,0.4338106323392126,0.027941251821910373,0.4880952380952381,1.7230984115270984,1.7126067950502484,0.08097610386829723,0.0034689280518728385,0.07272359880176273,0.37546013844359877,0.0,0.0,0.07987177211104779,0.07975678927415641,0.0003569294315623068,0.5294666934153324,84.0,0.0
development,turnover_30pct,success,,0.6575393629980943,0.07499238843081857,0.09480798710560334,0.8104177648842377,1.1136427223934686,-0.17783811789615844,0.710834635859749,0.03653338996777749,-0.10400636514862399,-0.0037997050971057423,2.0686985184620914,0.014456262265919617,0.024127571704723794,0.08787045539984945,0.37425853709200924,0.03205718694657951,0.012121212121212114,-0.012121212121212121,0.4338106323392126,0.027941251821910373,0.4880952380952381,1.6816669347028161,1.6575393629980943,0.0772177656010522,0.0082091211050083,0.17209836030856684,0.4393522769992472,0.0,0.0,0.07987177211104779,0.07975678927415641,-0.003693364412012394,0.665022872337177,84.0,0.0
development,turnover_50pct,success,,0.6611139007148961,0.07532382596075138,0.09522913206416594,0.8104987884507917,1.1096980730747985,-0.17602089935995102,0.710834635859749,0.03783270121113021,-0.09120908173906232,-0.003450685937175497,2.4667877090063652,0.017238147442699248,0.02887982437882841,0.09159420742032293,0.374316685865391,0.033242291706960365,0.012121212121212114,-0.012121212121212121,0.4338106323392126,0.027941251821910373,0.4880952380952381,1.6899937250937225,1.661113900714896,0.07797942856135953,0.009788840115104626,0.20521604098451485,0.45797103710161463,0.0,0.0,0.07987177211104779,0.07975678927415641,-0.0033443452520821424,0.6799496263364495,84.0,0.0
development,cost_0bps,success,,0.6816669347028161,0.0772177656010522,0.09480955831109067,0.832223848811337,1.1447291859401492,-0.17745060676117808,0.710834635859749,0.03651487407498658,-0.04740551959973554,-0.0017310065786436514,2.0686985184620914,0.0,0.0,0.08787045539984945,0.37425853709200924,0.03205718694657951,0.012121212121212114,-0.012121212121212121,0.4338106323392126,0.027941251821910373,0.4880952380952381,1.6816669347028161,1.6816669347028161,0.0772177656010522,0.0082091211050083,0.17209836030856684,0.4393522769992472,0.0,0.0,0.07987177211104779,0.07987177211104779,-0.0017310065786436514,0.665022872337177,84.0,0.0
development,cost_10bps,success,,0.6575393629980943,0.07499238843081857,0.09480798710560334,0.8104177648842377,1.1136427223934686,-0.17783811789615844,0.710834635859749,0.03653338996777749,-0.10400636514862399,-0.0037997050971057423,2.0686985184620914,0.014456262265919617,0.024127571704723794,0.08787045539984945,0.37425853709200924,0.03205718694657951,0.012121212121212114,-0.012121212121212121,0.4338106323392126,0.027941251821910373,0.4880952380952381,1.6816669347028161,1.6575393629980943,0.0772177656010522,0.0082091211050083,0.17209836030856684,0.4393522769992472,0.0,0.0,0.07987177211104779,0.07975678927415641,-0.003693364412012394,0.665022872337177,84.0,0.0
development,cost_25bps,success,,0.6219853613383712,0.07166197955639286,0.09481475204517965,0.7776324636747494,1.0670344484553407,-0.17841919266205586,0.710834635859749,0.03658479317750066,-0.18867819865233013,-0.006902752874798881,2.0686985184620914,0.03614065566479904,0.05968157336444446,0.08787045539984945,0.37425853709200924,0.03205718694657951,0.012121212121212114,-0.012121212121212121,0.4338106323392126,0.027941251821910373,0.4880952380952381,1.6816669347028161,1.6219853613383712,0.0772177656010522,0.0082091211050083,0.17209836030856684,0.4393522769992472,0.0,0.0,0.07987177211104779,0.07958433511779339,-0.006636901162065506,0.665022872337177,84.0,0.0
development,cost_40bps,success,,0.5871820562372232,0.06834073922665773,0.09483246071909587,0.7447658840902401,1.0204610673872991,-0.17900003714129908,0.710834635859749,0.03666444074877734,-0.27290203936427654,-0.010005800652492017,2.0686985184620914,0.05782504906367847,0.09448487846559317,0.08787045539984945,0.37425853709200924,0.03205718694657951,0.012121212121212114,-0.012121212121212121,0.4338106323392126,0.027941251821910373,0.4880952380952381,1.6816669347028161,1.5871820562372232,0.0772177656010522,0.0082091211050083,0.17209836030856684,0.4393522769992472,0.0,0.0,0.07987177211104779,0.079411905077583,-0.00958043791211862,0.665022872337177,84.0,0.0
development,regime_aware,success,,0.6561360563276646,0.07486210388589343,0.09438587895001484,0.8123316379855889,1.1169416238743557,-0.17440191939034955,0.710834635859749,0.03625646487941012,-0.10925352108657654,-0.003961146450227356,2.0814528753950388,0.014545390926867715,0.024257685712646415,0.0876672905038195,0.37425853709190526,0.03198637976697364,0.012121212121212114,-0.012121212121212121,0.4338106323392126,0.027941251821910373,0.4880952380952381,1.6803937420403061,1.6561360563276646,0.07710102020745802,0.008259733632519996,0.1731594157960442,0.4383364525190975,0.0,0.0,0.07987177211104779,0.07975678927415641,-0.0038548057651340067,0.6653160621324735,84.0,0.0
development,without_momentum_12_1,success,,0.5377198038971438,0.06351158208047503,0.08053609480958131,0.8049587816447242,1.1409899800399919,-0.11300327627283613,0.710834635859749,0.023858836431105278,-0.662460861815199,-0.01580554534405787,2.067305496030004,0.014446527692495385,0.02237046332035253,0.07363490998795584,0.3781897327432367,0.024501712721337558,-0.057864357864357854,-0.04242424242424242,0.36643610620013634,-0.15791117983541197,0.4880952380952381,1.5600902672174959,1.5377198038971438,0.06571192324200958,0.008203593238214301,0.17198247252970697,0.3681745499397792,0.0,0.0,0.07987177211104779,0.07975678927415641,-0.015699204658964516,0.41916626046322786,84.0,0.0
development,without_low_volatility,success,,0.8563668652597916,0.09256158950223181,0.11039265597271863,0.8573984075300077,1.189946193980654,-0.19317425835519075,0.710834635859749,0.04988843319418549,0.28096102515498894,0.014016705333614534,2.536880649916364,0.017727963589296493,0.03321911674878564,0.12040860719024017,0.3911446476834507,0.04674573618836325,0.08831168831168831,0.2121212121212121,0.5441729991589335,0.16228605323708026,0.5833333333333334,1.889585982008575,1.8563668652597916,0.09533813967552862,0.010066986706017316,0.21104718558686292,0.6020430359512007,0.0,0.0,0.07987177211104779,0.07975678927415641,0.014123046018707881,0.6289477376204642,84.0,0.0
development,without_reversal_1m,success,,0.6768741124534996,0.07677789295130677,0.08619156830357565,0.9015308823207786,1.2569415095259577,-0.13328949270281043,0.710834635859749,0.028372754958284896,-0.10324769249144905,-0.0029294214790682354,1.2546569622895014,0.0087676623436183,0.014767911401733391,0.0865523759244957,0.3738880233435962,0.03083809578180528,0.012121212121212102,0.0303030303030303,0.4517411364066494,0.02683220797120588,0.5357142857142857,1.6916420238552352,1.6768741124534996,0.07812981929819696,0.004978797469402783,0.10437693266212261,0.43276187962247853,0.0,0.0,0.07987177211104779,0.07975678927415641,-0.002823080793974886,0.6892341770479206,84.0,0.0
development,policy,success,,0.7095620437425401,0.07975678927415641,0.0869277110344569,0.9263725048895988,1.3195512993139047,-0.11373097375247843,0.710834635859749,3.682833457083524e-05,-2.8874692904947086,-0.00010634068509335138,0.10634068509335101,0.0007431188351166314,0.0012725921172123122,0.0,0.31445743102831436,0.0,0.012121212121212114,-0.012121212121212121,0.4338106323392126,0.027941251821910373,0.4880952380952381,1.710834635859749,1.70956204374254,0.07987177211104779,0.00042198684560853573,0.008846652799007518,0.0,0.0,0.0,0.07987177211104779,0.07975678927415641,0.0,,0.0,0.0
development,equal_weight,success,,0.5897310596299616,0.06858609484353573,0.08332838008417286,0.8378426481358539,1.202955798127539,-0.11691704101305389,0.710834635859749,0.024624962357030825,-0.4392985990786485,-0.010817711465808096,0.18717828480065427,0.0013080196806902861,0.0020785081161902585,0.08006140054904601,0.12180878139239705,0.025619492959697374,0.012121212121212114,-0.012121212121212121,0.4338106323392126,0.027941251821910373,0.4880952380952381,1.591809567746153,1.5897310596299616,0.06878591330650607,0.0007427709714311676,0.01557166286536055,0.40030700274523007,0.0,0.0,0.07987177211104779,0.07975678927415641,-0.010711370780714746,,0.0,0.0
development,inverse_volatility,success,,0.5410767481952778,0.0638435105352575,0.0594979152660409,1.0700387726076246,1.5558894761370503,-0.09245354742134404,0.710834635859749,0.04354584319441657,-0.38967452761579086,-0.016968705876415576,0.5098073292564987,0.00356258216992339,0.00549599280552493,0.07615980903596824,0.3246684031949656,0.04200668963242121,0.012121212121212114,-0.012121212121212121,0.4338106323392126,0.027941251821910373,0.4880952380952381,1.5465727410008057,1.5410767481952778,0.06438560900025703,0.0020230449573670583,0.04241169249908797,0.38079904517984114,0.0,0.0,0.07987177211104779,0.07975678927415641,-0.016862365191322223,,0.0,0.0
development,sample_covariance,success,,0.6570216361825838,0.07494433310681803,0.09481921810521902,0.8098614654818891,1.1128235586624717,-0.17783811791497728,0.710834635859749,0.03653340332828772,-0.10520101659641948,-0.0038433511698628834,2.072935379877917,0.014485869857004013,0.024169702152360806,0.08789683440895045,0.37425853701132145,0.03082560809118242,0.012121212121212114,-0.012121212121212121,0.4338106323392126,0.027941251821910373,0.4880952380952381,1.6811913383349415,1.6570216361825838,0.07717416465967464,0.00822593404713459,0.1724508316310002,0.43948417204475215,0.0,0.0,0.07987177211104779,0.07975678927415641,-0.0037370104847695334,0.6650544009454682,84.0,0.0
development,lag_3,success,,0.7320726855547603,0.08177996207253657,0.08532107665308121,0.9641783687552117,1.352587740402358,-0.1394911788116493,0.710834635859749,0.029631835690374107,0.05504061322578198,0.0016309544074038036,2.11499807293398,0.014779807962050555,0.02578297665974527,0.08944680020721954,0.3742701987374363,0.03176251078507225,0.029437229437229432,0.04242424242424242,0.4368290314213891,0.06738844563843256,0.5357142857142857,1.7578556622145025,1.7320726855547603,0.08406974221944963,0.008392849495769763,0.17595009478631612,0.4472340010360977,0.0,0.0,0.07987177211104779,0.07975678927415641,0.001737295092497152,0.6528718931086557,84.0,0.0
development,weekly,failed,"Execution mandate failed on 2012-06-04: sector active weight, sector active weight",,,,,,,,,,,,,,,,,,,,,,,,,,,,,,,,,,,
validation,fixed_risk,success,,0.10576943697311258,0.020328112786683894,0.1321497958596831,0.21862833453925343,0.2960947429434659,-0.2531516179655633,0.17521019026801898,0.03294141338485525,-0.34840183402325225,-0.011476848838601679,2.449759605599592,0.012239076759721773,0.013597933978381382,0.08323760978447074,0.37558142779603637,0.03112483308673942,-0.06020202020202017,-0.054545454545454536,0.4925048621663499,-0.12223639770217366,0.4666666666666667,1.1193673709514955,1.1057694369731126,0.02282729321928878,0.009721268276188858,0.20398461266202958,0.4161880489223537,0.0,0.0,0.032842851452639765,0.032705103767938004,-0.011343352824787227,0.5479622475517847,60.0,0.0
validation,te_4pct,success,,0.11499113828389307,0.02202564290210618,0.13229753776485192,0.23110127152611162,0.31291068145547396,-0.2531516179638196,0.17521019026801898,0.03165029008331698,-0.3094571769829733,-0.009794409419875468,2.3714256167765027,0.01184771766476832,0.013271312165969551,0.08048817546101031,0.37558142779544085,0.02826159543252755,-0.06020202020202017,-0.054545454545454536,0.4925048621663499,-0.12223639770217366,0.4666666666666667,1.1282624504498626,1.114991138283893,0.024449023021610783,0.00941041911419247,0.197461961079472,0.4024408773050515,0.0,0.0,0.032842851452639765,0.032705103767938004,-0.009660913406061018,0.543024026136905,60.0,0.0
validation,te_8pct,success,,0.10576943697311258,0.020328112786683894,0.1321497958596831,0.21862833453925343,0.2960947429434659,-0.2531516179655633,0.17521019026801898,0.03294141338485525,-0.34840183402325225,-0.011476848838601679,2.449759605599592,0.012239076759721773,0.013597933978381382,0.08323760978447074,0.37558142779603637,0.03112483308673942,-0.06020202020202017,-0.054545454545454536,0.4925048621663499,-0.12223639770217366,0.4666666666666667,1.1193673709514955,1.1057694369731126,0.02282729321928878,0.009721268276188858,0.20398461266202958,0.4161880489223537,0.0,0.0,0.032842851452639765,0.032705103767938004,-0.011343352824787227,0.5479622475517847,60.0,0.0
validation,te_12pct,success,,0.1057694318359581,0.020328111837888185,0.1321497956253124,0.21862832765539125,0.2960947335156817,-0.2531516179657527,0.17521019026801898,0.03294141313376644,-0.3484018658500852,-0.01147684979954273,2.4497596062626656,0.012239076763034509,0.013597933918979788,0.08323760981892335,0.37558142779624176,0.031124832811950325,-0.06020202020202017,-0.054545454545454536,0.4925048621663499,-0.12223639770217366,0.4666666666666667,1.1193673657549381,1.105769431835958,0.0228272922688586,0.0097212682788201,0.20398461271724175,0.4161880490946167,0.0,0.0,0.032842851452639765,0.032705103767938004,-0.011343353785728276,0.5479622458393077,60.0,0.0
validation,turnover_10pct,success,,0.1286161413739182,0.024513295419706482,0.13360666716459638,0.24838441142841158,0.335358699918118,-0.2600820298782519,0.17521019026801898,0.028305829009482954,-0.25375427895470704,-0.0071827252305165755,0.9386938201285866,0.004689744125166232,0.005298563737707207,0.06658903627590537,0.3781235572088628,0.02491421612558373,-0.06020202020202017,-0.054545454545454536,0.4925048621663499,-0.12223639770217366,0.4666666666666667,1.1339147051116252,1.1286161413739182,0.025474222524215273,0.0037249754767007402,0.07816240208610385,0.33294518137952683,0.0,0.0,0.032842851452639765,0.032705103767938004,-0.007049229216702123,0.4137568902540091,60.0,0.0
validation,turnover_30pct,success,,0.10576943697311258,0.020328112786683894,0.1321497958596831,0.21862833453925343,0.2960947429434659,-0.2531516179655633,0.17521019026801898,0.03294141338485525,-0.34840183402325225,-0.011476848838601679,2.449759605599592,0.012239076759721773,0.013597933978381382,0.08323760978447074,0.37558142779603637,0.03112483308673942,-0.06020202020202017,-0.054545454545454536,0.4925048621663499,-0.12223639770217366,0.4666666666666667,1.1193673709514955,1.1057694369731126,0.02282729321928878,0.009721268276188858,0.20398461266202958,0.4161880489223537,0.0,0.0,0.032842851452639765,0.032705103767938004,-0.011343352824787227,0.5479622475517847,60.0,0.0
validation,turnover_50pct,success,,0.14194828306300056,0.026924333172488657,0.13224216973967154,0.2672956818338981,0.36307291883704446,-0.2531516179959109,0.17521019026801898,0.0349793285236373,-0.14353556518256597,-0.00502077768934693,3.257147635646125,0.016272812989200282,0.018715041692292766,0.087511082112298,0.3755814278018288,0.03321463434506792,-0.06020202020202017,-0.054545454545454536,0.4925048621663499,-0.12223639770217366,0.4666666666666667,1.1606633247552929,1.1419482830630006,0.03027113238905188,0.012925189030341766,0.2712135498200047,0.43755541056149,0.0,0.0,0.032842851452639765,0.032705103767938004,-0.004887281675532479,0.5920171953634276,60.0,0.0
validation,cost_0bps,success,,0.11936737095149552,0.02282729321928878,0.1321738338472491,0.2371229499200665,0.3213492020383142,-0.2530761164944384,0.17521019026801898,0.032914881201192736,-0.2742555617267418,-0.009027089233002088,2.449759605599592,0.0,0.0,0.08323760978447074,0.37558142779603637,0.03112483308673942,-0.06020202020202017,-0.054545454545454536,0.4925048621663499,-0.12223639770217366,0.4666666666666667,1.1193673709514955,1.1193673709514955,0.02282729321928878,0.009721268276188858,0.20398461266202958,0.4161880489223537,0.0,0.0,0.032842851452639765,0.032842851452639765,-0.009027089233002088,0.5479622475517847,60.0,0.0
validation,cost_10bps,success,,0.10576943697311258,0.020328112786683894,0.1321497958596831,0.21862833453925343,0.2960947429434659,-0.2531516179655633,0.17521019026801898,0.03294141338485525,-0.34840183402325225,-0.011476848838601679,2.449759605599592,0.012239076759721773,0.013597933978381382,0.08323760978447074,0.37558142779603637,0.03112483308673942,-0.06020202020202017,-0.054545454545454536,0.4925048621663499,-0.12223639770217366,0.4666666666666667,1.1193673709514955,1.1057694369731126,0.02282729321928878,0.009721268276188858,0.20398461266202958,0.4161880489223537,0.0,0.0,0.032842851452639765,0.032705103767938004,-0.011343352824787227,0.5479622475517847,60.0,0.0
validation,cost_25bps,success,,0.08567555716576858,0.016589648676889723,0.13212189566130292,0.19086200848003163,0.2582466928100775,-0.25326487017224997,0.17521019026801898,0.03301386318372313,-0.45894320706070013,-0.01515148824700107,2.449759605599592,0.030597691899304433,0.0336918137857285,0.08323760978447074,0.37558142779603637,0.03112483308673942,-0.06020202020202017,-0.054545454545454536,0.4925048621663499,-0.12223639770217366,0.4666666666666667,1.1193673709514955,1.0856755571657686,0.02282729321928878,0.009721268276188858,0.20398461266202958,0.4161880489223537,0.0,0.0,0.032842851452639765,0.03249851277170146,-0.014817748212464944,0.5479622475517847,60.0,0.0
validation,cost_40bps,success,,0.06593965847285777,0.012863520094646086,0.13210378895397587,0.163071862906304,0.22044315797669922,-0.2533781223789373,0.17521019026801898,0.033125255988676376,-0.5683315371762269,-0.01882612765540046,2.449759605599592,0.04895630703888709,0.05342771247863798,0.08323760978447074,0.37558142779603637,0.03112483308673942,-0.06020202020202017,-0.054545454545454536,0.4925048621663499,-0.12223639770217366,0.4666666666666667,1.1193673709514955,1.0659396584728578,0.02282729321928878,0.009721268276188858,0.20398461266202958,0.4161880489223537,0.0,0.0,0.032842851452639765,0.03229195840735288,-0.018292143600142655,0.5479622475517847,60.0,0.0
validation,regime_aware,success,,0.10865026356636887,0.020859627361549338,0.1323348570422546,0.222444042246645,0.3012996757246269,-0.25315161796556285,0.17521019026801898,0.03250427275042325,-0.33630772700038924,-0.010931438086495535,2.394410146601189,0.011962549105440066,0.013324177490764644,0.08201212313513652,0.37558142779603626,0.029816514988038837,-0.06020202020202017,-0.054545454545454536,0.4925048621663499,-0.12223639770217366,0.4666666666666667,1.121974441057134,1.1086502635663689,0.02330367269653255,0.009501627565877736,0.19937581842400115,0.41006061567568264,0.0,0.0,0.032842851452639765,0.032705103767938004,-0.010797942072681085,0.546012599659319,60.0,0.0
validation,without_momentum_12_1,success,,0.1117415631731209,0.021428747067973264,0.12683068140996456,0.23095693426983138,0.3117965457551091,-0.2673975708166626,0.17521019026801898,0.03547382305652271,-0.31223342490205064,-0.011076113267307416,2.3789933554942917,0.011885526327648069,0.0132929851144028,0.08666842410194715,0.37741570636199123,0.029653844945033193,-0.04040404040404041,-0.09696969696969696,0.482842107855157,-0.08367961233439236,0.45,1.1250345482875246,1.111741563173121,0.02386170563160661,0.009440449823390047,0.19809210546080117,0.4333421205097358,0.0,0.0,0.032842851452639765,0.032705103767938004,-0.010942617253492966,0.3845059968995782,60.0,0.0
validation,without_low_volatility,success,,0.06729511861466864,0.013121187287385983,0.13888540551108858,0.1635625932957234,0.22026508198537514,-0.26341293163723956,0.17521019026801898,0.04988632706858772,-0.35384608485036856,-0.017652081520784728,2.478177604583063,0.012381053984801887,0.013253378112379144,0.11246725689260961,0.3806183068221671,0.04772071812115169,-0.03555555555555555,-0.030303030303030297,0.5238279180660921,-0.06787640431006858,0.45,1.080548496727048,1.0672951186146686,0.01562690508444753,0.009834038113424851,0.20635089974669807,0.5623362844630481,0.0,0.0,0.032842851452639765,0.032705103767938004,-0.017518585506970278,0.5758959526965103,60.0,0.0
validation,without_reversal_1m,success,,0.13634835680108792,0.02591437702382171,0.1290472112451677,0.2630581986217368,0.35402116217190405,-0.23792056984109644,0.17521019026801898,0.0320782692306572,-0.20018572833901072,-0.006421611689793989,1.4690832245489087,0.007339586427409031,0.008357299972518994,0.08316256507466635,0.37181342845964505,0.029831209519253592,-0.07111111111111111,-0.07878787878787878,0.4801361480488968,-0.148106139060934,0.38333333333333336,1.144705656773607,1.136348356801088,0.027420175360141075,0.005829695335511542,0.12232644045681719,0.4158128253733317,0.0,0.0,0.032842851452639765,0.032705103767938004,-0.0062881156759795375,0.6041613084432149,60.0,0.0
validation,policy,success,,0.1744273465496191,0.032705103767938004,0.12664591161104186,0.31769712967018604,0.4294669134317829,-0.24271012951494997,0.17521019026801898,4.412155383395264e-05,-3.0256417150867003,-0.00013349601381445062,0.13349601381444998,0.0006669503229856846,0.0007828437184007608,0.0,0.31640922538335714,0.0,-0.06020202020202017,-0.054545454545454536,0.4925048621663499,-0.12223639770217366,0.4666666666666667,1.175210190268019,1.1744273465496191,0.032842851452639765,0.0005297460865652776,0.011115838716428076,0.0,0.0,0.0,0.032842851452639765,0.032705103767938004,0.0,,0.0,0.0
validation,equal_weight,success,,0.1447701696606476,0.027431764888455,0.11913523015942575,0.2870062979505295,0.3861472227667391,-0.24063788336724024,0.17521019026801898,0.0275155320145343,-0.2244542191771253,-0.00617597725356549,0.22590599221597665,0.00112863350872982,0.0012907540898146053,0.08006971560157722,0.12811044400295518,0.027596711388460152,-0.06020202020202017,-0.054545454545454536,0.4925048621663499,-0.12223639770217366,0.4666666666666667,1.1460609237504622,1.1447701696606476,0.027663534910149945,0.0008964523500633993,0.018810558478830335,0.40034857800788604,0.0,0.0,0.032842851452639765,0.032705103767938004,-0.006042481239751041,,0.0,0.0
validation,inverse_volatility,success,,0.0719143535089164,0.01399732289731026,0.09137816861777845,0.19793169145333836,0.2665314314374283,-0.22547465552663826,0.17521019026801898,0.054360999552892766,-0.4098876643907402,-0.02228190314068129,0.6083195339090911,0.0030391837031410545,0.0032611009247112133,0.07891020906967577,0.3502740542675068,0.05172850094937407,-0.06020202020202017,-0.054545454545454536,0.4925048621663499,-0.12223639770217366,0.4666666666666667,1.0751754544336276,1.0719143535089164,0.014614042872010291,0.002413966404401155,0.05065306171901758,0.3945510453483789,0.0,0.0,0.032842851452639765,0.032705103767938004,-0.02214840712686683,,0.0,0.0
validation,sample_covariance,success,,0.10574501188270213,0.020323601607289632,0.13212275114832472,0.21861241140854454,0.29608008855107115,-0.2531516179600668,0.17521019026801898,0.03293098816624167,-0.3487555650824234,-0.01148486538664021,2.4468859442379496,0.01222471985633166,0.013581698703356793,0.08343828973499332,0.37558142779295944,0.029791472419144056,-0.06020202020202017,-0.054545454545454536,0.4925048621663499,-0.12223639770217366,0.4666666666666667,1.119326710586059,1.1057450118827021,0.022819856488464962,0.009709864858087102,0.20374533093886102,0.41719144867496655,0.0,0.0,0.032842851452639765,0.032705103767938004,-0.01135136937282576,0.547953477226813,60.0,0.0
validation,lag_3,success,,0.12926838142374053,0.02463177766190716,0.13080062510107685,0.2516799390772021,0.34160839623621275,-0.24700348718222243,0.17521019026801898,0.0327569861683741,-0.22739104330663398,-0.007448645260407566,2.5504807503052715,0.012742282796168,0.014456337638667272,0.08408208354556093,0.37242614051237843,0.03107748022305175,-0.06929292929292927,-0.07272727272727272,0.4931547950237984,-0.14050949112151565,0.4166666666666667,1.143724719062407,1.1292683814237405,0.027243888724908905,0.010120955358354252,0.21237137993613336,0.42041041772780463,0.0,0.0,0.032842851452639765,0.032705103767938004,-0.007315149246593116,0.5340239492256612,60.0,0.0
validation,weekly,failed,Execution mandate failed on 2020-03-16: sector active weight,,,,,,,,,,,,,,,,,,,,,,,,,,,,,,,,,,,
holdout,fixed_risk,success,,0.614393682563318,0.13716536089018705,0.09969424620540401,1.339307205999759,2.0474307710171376,-0.1108886714040418,0.5420208243315694,0.027817648822368736,0.4434188565678077,0.012334870033219567,2.3108369222007754,0.008610618531533842,0.013961024151214918,0.10716665244291156,0.366423400377588,0.03421182291544698,-0.018989898989898998,0.0303030303030303,0.43755118479877053,-0.04340040582596626,0.5111111111111111,1.6283547067145339,1.614393682563318,0.13979621743186943,0.009169987786511014,0.1913470784785298,0.5358332622145578,0.0,0.0,0.12325378717673874,0.12315053279029109,0.01242686576607122,0.7296135521870543,45.0,0.0
holdout,te_4pct,success,,0.5888617451017764,0.1323106733195012,0.09770858660255867,1.320720456055255,2.0144505869373828,-0.11088867140722769,0.5420208243315694,0.02669246757769912,0.2944417457462729,0.007859376751853516,2.2730793082545544,0.008469926470043755,0.013517499938241695,0.10305024140435298,0.36662261782079647,0.03186608851971759,-0.018989898989898998,0.0303030303030303,0.43755118479877053,-0.04340040582596626,0.5111111111111111,1.6023792450400194,1.5888617451017764,0.13488796579408557,0.00902015598513712,0.18822058822319457,0.515251207021765,0.0,0.0,0.12325378717673874,0.12315053279029109,0.007951372484705174,0.7251221063428308,45.0,0.0
holdout,te_8pct,success,,0.614393682563318,0.13716536089018705,0.09969424620540401,1.339307205999759,2.0474307710171376,-0.1108886714040418,0.5420208243315694,0.027817648822368736,0.4434188565678077,0.012334870033219567,2.3108369222007754,0.008610618531533842,0.013961024151214918,0.10716665244291156,0.366423400377588,0.03421182291544698,-0.018989898989898998,0.0303030303030303,0.43755118479877053,-0.04340040582596626,0.5111111111111111,1.6283547067145339,1.614393682563318,0.13979621743186943,0.009169987786511014,0.1913470784785298,0.5358332622145578,0.0,0.0,0.12325378717673874,0.12315053279029109,0.01242686576607122,0.7296135521870543,45.0,0.0
holdout,te_12pct,success,,0.6143936815501767,0.13716536069866492,0.09969424619605882,1.3393072044257053,2.047430768567045,-0.11088867140393965,0.5420208243315694,0.02781764883134549,0.4434188503336129,0.012334869863779387,2.3108369153768478,0.008610618506106588,0.013961024101197594,0.10716665233115277,0.3664234003839628,0.03421182290369732,-0.018989898989898998,0.0303030303030303,0.43755118479877053,-0.04340040582596626,0.5111111111111111,1.6283547056513743,1.6143936815501767,0.13979621723215407,0.009169987759431935,0.19134707791347974,0.5358332616557638,0.0,0.0,0.12325378717673874,0.12315053279029109,0.012426865596631044,0.7296135521782326,45.0,0.0
holdout,turnover_10pct,success,,0.6409554442326035,0.14215660570254318,0.09638198132620489,1.427444215901707,2.1790337200345147,-0.10773016561505411,0.5420208243315694,0.022284586412172725,0.7356452191497952,0.016393549454845353,0.8861574822390657,0.003301991570724138,0.0054282834468790675,0.08875917493694262,0.36566980038783253,0.027158637755398705,-0.018989898989898998,0.0303030303030303,0.43755118479877053,-0.04340040582596626,0.5111111111111111,1.646383727679484,1.6409554442326035,0.1431693538790848,0.0035164979453931175,0.0733775904605364,0.44379587468471304,0.0,0.0,0.12325378717673874,0.12315053279029109,0.016485545187697008,0.5933526750794645,45.0,0.0
holdout,turnover_30pct,success,,0.614393682563318,0.13716536089018705,0.09969424620540401,1.339307205999759,2.0474307710171376,-0.1108886714040418,0.5420208243315694,0.027817648822368736,0.4434188565678077,0.012334870033219567,2.3108369222007754,0.008610618531533842,0.013961024151214918,0.10716665244291156,0.366423400377588,0.03421182291544698,-0.018989898989898998,0.0303030303030303,0.43755118479877053,-0.04340040582596626,0.5111111111111111,1.6283547067145339,1.614393682563318,0.13979621743186943,0.009169987786511014,0.1913470784785298,0.5358332622145578,0.0,0.0,0.12325378717673874,0.12315053279029109,0.01242686576607122,0.7296135521870543,45.0,0.0
holdout,turnover_50pct,success,,0.6033818400993938,0.1350784894070125,0.09871156305479643,1.333039109492023,2.034146598094001,-0.11031599434911277,0.5420208243315694,0.029362183459574136,0.3541978347440721,0.010400021804739368,2.7488531162997503,0.010242750302402643,0.016506137199005178,0.10969743146216117,0.3708003382614147,0.03525758673631325,-0.018989898989898998,0.0303030303030303,0.43755118479877053,-0.04340040582596626,0.5111111111111111,1.6198879772984012,1.6033818400993938,0.13820270085237474,0.010908147286903772,0.22761667338672534,0.548487157310806,0.0,0.0,0.12325378717673874,0.12315053279029109,0.010492017537591027,0.7583002618232763,45.0,0.0
holdout,cost_0bps,success,,0.6283547067145339,0.13979621743186943,0.09968247432844267,1.3626473477600582,2.0853572403910445,-0.1104853554789792,0.5420208243315694,0.027821757921464088,0.5264119900964772,0.014645706955420341,2.3108369222007754,0.0,0.0,0.10716665244291156,0.366423400377588,0.03421182291544698,-0.018989898989898998,0.0303030303030303,0.43755118479877053,-0.04340040582596626,0.5111111111111111,1.6283547067145339,1.6283547067145339,0.13979621743186943,0.009169987786511014,0.1913470784785298,0.5358332622145578,0.0,0.0,0.12325378717673874,0.12325378717673874,0.014645706955420341,0.7296135521870543,45.0,0.0
holdout,cost_10bps,success,,0.614393682563318,0.13716536089018705,0.09969424620540401,1.339307205999759,2.0474307710171376,-0.1108886714040418,0.5420208243315694,0.027817648822368736,0.4434188565678077,0.012334870033219567,2.3108369222007754,0.008610618531533842,0.013961024151214918,0.10716665244291156,0.366423400377588,0.03421182291544698,-0.018989898989898998,0.0303030303030303,0.43755118479877053,-0.04340040582596626,0.5111111111111111,1.6283547067145339,1.614393682563318,0.13979621743186943,0.009169987786511014,0.1913470784785298,0.5358332622145578,0.0,0.0,0.12325378717673874,0.12315053279029109,0.01242686576607122,0.7296135521870543,45.0,0.0
holdout,cost_25bps,success,,0.5936699282574243,0.13322924963392602,0.09972219985715512,1.3041726630840966,1.99047592490971,-0.11149347569960433,0.5420208243315694,0.02784838424043331,0.3184606537079442,0.008868614649918402,2.3108369222007754,0.0215265463288346,0.034684778457108045,0.10716665244291156,0.366423400377588,0.03421182291544698,-0.018989898989898998,0.0303030303030303,0.43755118479877053,-0.04340040582596626,0.5111111111111111,1.6283547067145339,1.5936699282574243,0.13979621743186943,0.009169987786511014,0.1913470784785298,0.5358332622145578,0.0,0.0,0.12325378717673874,0.12299566711057408,0.00909860398204755,0.7296135521870543,45.0,0.0
holdout,cost_40bps,success,,0.5732046982811858,0.12930531701922088,0.09976249894073191,1.2689007684963336,1.9334365288222661,-0.11209807648472736,0.5420208243315694,0.027923252967078604,0.1934717016311315,0.005402359266617239,2.3108369222007754,0.03444247412613537,0.05515000843334694,0.10716665244291156,0.366423400377588,0.03421182291544698,-0.018989898989898998,0.0303030303030303,0.43755118479877053,-0.04340040582596626,0.5111111111111111,1.6283547067145339,1.5732046982811858,0.13979621743186943,0.009169987786511014,0.1913470784785298,0.5358332622145578,0.0,0.0,0.12325378717673874,0.12284082050894973,0.005770342198023872,0.7296135521870543,45.0,0.0
holdout,regime_aware,success,,0.6135107583951322,0.13699842126547646,0.09962808774284836,1.3386562169511813,2.046255899704214,-0.11088867140404135,0.5420208243315694,0.02772869027911789,0.4393069636867506,0.012181406733529597,2.3185306638073326,0.008639286878234464,0.014000098612112044,0.10677833558460936,0.3664234003775937,0.03396577603483189,-0.018989898989898998,0.0303030303030303,0.43755118479877053,-0.04340040582596626,0.5111111111111111,1.6275108570072447,1.6135107583951322,0.13963766949406398,0.009200518507171955,0.19198415284965473,0.5338916779230468,0.0,0.0,0.12325378717673874,0.12315053279029109,0.012273402466381254,0.7291194016978679,45.0,0.0
holdout,without_momentum_12_1,success,,0.46304645359519414,0.10751705004628076,0.09212889215126313,1.1545930321289712,1.726920445789279,-0.10556100821665271,0.5420208243315694,0.02517857842349526,-0.5883960214750545,-0.014814975370782262,1.996842268850253,0.007440614644644395,0.010925250315242163,0.08834853116089977,0.3676539692005319,0.02831060403036105,-0.1496296296296296,-0.2606060606060606,0.5245772306608697,-0.2852385137668368,0.3111111111111111,1.4739717039104365,1.4630464535951941,0.10973053085960083,0.007923977257342273,0.16534699210320877,0.4417426558044989,0.0,0.0,0.12325378717673874,0.12315053279029109,-0.014722979637930598,0.4226885639061544,45.0,0.0
holdout,without_low_volatility,success,,0.640224635287268,0.14202007244990544,0.12069337601328228,1.1608014705428866,1.7005654029250095,-0.13563799088456996,0.5420208243315694,0.04250151162280981,0.4450358430183526,0.018914696054611473,2.531136760292964,0.00943149769013926,0.015535487160322603,0.12240525758478278,0.37154693417592305,0.0426536951568014,0.0962962962962963,0.1515151515151515,0.4156754495307044,0.23166221725390412,0.6222222222222222,1.655760122447591,1.640224635287268,0.1449129567310501,0.010044193493226048,0.20958883755865026,0.612026287923914,0.0,0.0,0.12325378717673874,0.12315053279029109,0.019006691787463132,0.5941489670947496,45.0,0.0
holdout,without_reversal_1m,success,,0.6603630403248626,0.14576625734228688,0.10144872217233053,1.3922215446307715,2.111521927302522,-0.10099644586434309,0.5420208243315694,0.029508267790625455,0.6795635894140304,0.020052744377187855,1.3231100874833357,0.004930160206931954,0.00820602390356262,0.11321460436895842,0.3711484415366532,0.035879386484499766,0.034882154882154875,0.07878787878787878,0.43192020554092275,0.08076064614404785,0.6,1.6685690642284257,1.6603630403248626,0.1472832274815723,0.005250436855092602,0.10955911570959895,0.5660730218447921,0.0,0.0,0.12325378717673874,0.12315053279029109,0.020144740110039513,0.8074639109579433,45.0,0.0
holdout,policy,success,,0.5414927056982806,0.12315053279029109,0.09943317076306679,1.2178466767603016,1.826345579984524,-0.09729456072727038,0.5420208243315694,2.9502268274856143e-05,-3.1182596536166356,-9.199573285165797e-05,0.09199573285165777,0.00034279362360201045,0.0005281186332866117,0.0,0.313507931816218,0.0,-0.018989898989898998,0.0303030303030303,0.43755118479877053,-0.04340040582596626,0.5111111111111111,1.5420208243315694,1.5414927056982806,0.12325378717673874,0.0003650624319510229,0.007617636080044676,0.0,0.0,0.0,0.12325378717673874,0.12315053279029109,0.0,,0.0,0.0
holdout,equal_weight,success,,0.49417332166238426,0.11379200544006918,0.09869016450541418,1.1414888992468695,1.6873491736086048,-0.0978478490193373,0.5420208243315694,0.02840624147725933,-0.3003785300299323,-0.00853262505861445,0.22780771274681108,0.0008488549296399033,0.0012655216494219523,0.08005405459845874,0.11870991800530076,0.028187348993028827,-0.018989898989898998,0.0303030303030303,0.43755118479877053,-0.04340040582596626,0.5111111111111111,1.4954388433118053,1.4941733216623843,0.11404509435947885,0.0009039988601063933,0.018863442880886743,0.4002702729922936,0.0,0.0,0.12325378717673874,0.12315053279029109,-0.008440629325762793,,0.0,0.0
holdout,inverse_volatility,success,,0.3802560107603803,0.09033776714490505,0.07855647648985288,1.1403544213703223,1.6927617627014702,-0.08346663611167349,0.5420208243315694,0.037455909137957474,-0.8437687868557778,-0.03160412701391462,0.539558556349499,0.0020104979540165858,0.002774737766732649,0.07645459223210423,0.31576013127590685,0.03630463439334407,-0.018989898989898998,0.0303030303030303,0.43755118479877053,-0.04340040582596626,0.5111111111111111,1.3830307485271156,1.3802560107603803,0.09092558012923346,0.002141105382339282,0.04467773231147968,0.38227296116052106,0.0,0.0,0.12325378717673874,0.12315053279029109,-0.03151213128106297,,0.0,0.0
holdout,sample_covariance,success,,0.6167783209525008,0.13761590479480845,0.09970557742545309,1.3431407325819698,2.053782973319305,-0.11088867140552561,0.5420208243315694,0.027846996011630865,0.45722238743530214,0.0127322699993392,2.3116859312434817,0.008613782100942975,0.01398673329063116,0.10794534486370337,0.3664233989731065,0.031121388858676005,-0.018989898989898998,0.0303030303030303,0.43755118479877053,-0.04340040582596626,0.5111111111111111,1.630765054243133,1.6167783209525008,0.1402487582741887,0.009173356870013817,0.19141738002095496,0.5397267243185168,0.0,0.0,0.12325378717673874,0.12315053279029109,0.012824265732190863,0.7300229808332569,45.0,0.0
holdout,lag_3,success,,0.6103645307242209,0.1364030016788631,0.09705008924661762,1.3662138190625792,2.0925003403694156,-0.11241778087507126,0.5420208243315694,0.027773860814433945,0.41063145090964204,0.011404820763593462,2.3174512632319355,0.008635264826090425,0.01396477725543721,0.10551087637570557,0.3654940241369738,0.033367928678135136,-0.02599326599326601,0.01818181818181818,0.4369383692575689,-0.05948954777634406,0.5111111111111111,1.624329307979658,1.610364530724221,0.1390393580906284,0.009196235171555298,0.19189477391312057,0.5275543818785279,0.0,0.0,0.12325378717673874,0.12315053279029109,0.011496816496445116,0.7381805837753326,45.0,0.0
holdout,weekly,success,,0.6829185591522571,0.14992281676496622,0.10239250028413673,1.4156806223882896,2.168191461664584,-0.10955464797260028,0.5420208243315694,0.03206687081067991,0.7412237497096684,0.023768726223747677,5.279407047717905,0.01967207626113934,0.033384402797382196,0.10890467966166327,0.3644075121163158,0.03543708911419156,0.030364873222016083,0.07272727272727272,0.4011417341647673,0.0756961209365063,0.5510204081632653,1.7163029619496384,1.682918559152257,0.15600076450199207,0.020950027967134546,0.10036773602622111,0.5445233983083163,0.0,0.0,0.12325378717673874,0.12315053279029109,0.023860721956599336,0.7466742147302483,196.0,0.0
