,date,information_date,execution_date,return_date,regime,tracking_error_budget,decision_turnover,execution_tracking_error,execution_violations,status,message,estimated_tracking_error
0,2011-01-03,2010-12-30,2010-12-31,2011-01-03,normal,0.08,0.29999999997432064,0.03674631529252381,,optimal,,0.03674631529252381
1,2011-02-01,2011-01-28,2011-01-31,2011-02-01,normal,0.08,0.30000000000514015,0.04489456851223896,,optimal,,0.04489456851223896
2,2011-03-01,2011-02-25,2011-02-28,2011-03-01,normal,0.08,0.2999999999986825,0.03794300112293158,,optimal,,0.03794300112293158
3,2011-04-01,2011-03-30,2011-03-31,2011-04-01,normal,0.08,0.10178853441332451,0.041105437350324396,,optimal,,0.041105437350324396
4,2011-05-02,2011-04-28,2011-04-29,2011-05-02,normal,0.08,0.004717527054842469,0.040826578146687956,,optimal,,0.040826578146687956
5,2011-06-01,2011-05-27,2011-05-31,2011-06-01,normal,0.08,0.18187005745465346,0.05012259436902135,,optimal,,0.05012259436902135
6,2011-07-01,2011-06-29,2011-06-30,2011-07-01,normal,0.08,0.23183573589373715,0.05915150181556882,,optimal,,0.05915150181556882
7,2011-08-01,2011-07-28,2011-07-29,2011-08-01,normal,0.08,0.1065999518673256,0.05914117608601512,,optimal,,0.05914117608601512
8,2011-09-01,2011-08-30,2011-08-31,2011-09-01,high,0.05,0.1450813985631096,0.050000000000938793,,optimal,,0.050000000000938793
9,2011-10-03,2011-09-29,2011-09-30,2011-10-03,high,0.05,0.29999999946742356,0.03367942129585862,,optimal,,0.03367942129585862
10,2011-11-01,2011-10-28,2011-10-31,2011-11-01,high,0.05,0.27109362862639474,0.04999999996922739,,optimal,,0.04999999996922739
11,2011-12-01,2011-11-29,2011-11-30,2011-12-01,high,0.05,0.2999999999619417,0.0341051100077074,,optimal,,0.0341051100077074
12,2012-01-03,2011-12-29,2011-12-30,2012-01-03,high,0.05,0.2999999998854348,0.04240692336896047,,optimal,,0.04240692336896047
13,2012-02-01,2012-01-30,2012-01-31,2012-02-01,normal,0.08,0.26186424186863005,0.05641982127090228,,optimal,,0.05641982127090228
14,2012-03-01,2012-02-28,2012-02-29,2012-03-01,normal,0.08,0.013252097137307085,0.056609528908333547,,optimal,,0.056609528908333547
15,2012-04-02,2012-03-29,2012-03-30,2012-04-02,normal,0.08,0.12058021765813333,0.041216149631503794,,optimal,,0.041216149631503794
16,2012-05-01,2012-04-27,2012-04-30,2012-05-01,normal,0.08,0.10377748015830486,0.037247152948486614,,optimal,,0.037247152948486614
17,2012-06-01,2012-05-30,2012-05-31,2012-06-01,normal,0.08,0.018602519125938282,0.03706132826878768,,optimal,,0.03706132826878768
18,2012-07-02,2012-06-28,2012-06-29,2012-07-02,normal,0.08,0.10693939388730503,0.04111707950678863,,optimal,,0.04111707950678863
19,2012-08-01,2012-07-30,2012-07-31,2012-08-01,normal,0.08,0.003815305746260041,0.04167990762353935,,optimal,,0.04167990762353935
20,2012-09-04,2012-08-30,2012-08-31,2012-09-04,normal,0.08,0.2302111326950641,0.03326076567791714,,optimal,,0.03326076567791714
21,2012-10-01,2012-09-27,2012-09-28,2012-10-01,normal,0.08,0.29999999971806857,0.03986530808623861,,optimal,,0.03986530808623861
22,2012-11-01,2012-10-26,2012-10-31,2012-11-01,normal,0.08,0.2032476262686189,0.025329080370836587,,optimal,,0.025329080370836587
23,2012-12-03,2012-11-29,2012-11-30,2012-12-03,normal,0.08,0.29820505406565245,0.024022349349676293,,optimal,,0.024022349349676293
24,2013-01-02,2012-12-28,2012-12-31,2013-01-02,normal,0.08,0.15329208880040238,0.01633138001655976,,optimal,,0.01633138001655976
25,2013-02-01,2013-01-30,2013-01-31,2013-02-01,normal,0.08,0.21117727805703376,0.020990550116686917,,optimal,,0.020990550116686917
26,2013-03-01,2013-02-27,2013-02-28,2013-03-01,normal,0.08,0.2042632786212538,0.031045285059134523,,optimal,,0.031045285059134523
27,2013-04-01,2013-03-27,2013-03-28,2013-04-01,normal,0.08,0.0028052084815456033,0.029323380980808694,,optimal,,0.029323380980808694
28,2013-05-01,2013-04-29,2013-04-30,2013-05-01,normal,0.08,0.29999999995422094,0.031800508854021296,,optimal,,0.031800508854021296
