date,information_date,execution_date,return_date,regime,tracking_error_budget,decision_turnover,execution_tracking_error,execution_violations,status,message,estimated_tracking_error
2011-01-03,2010-12-30,2010-12-31,2011-01-03,normal,,0.0,0.0,,rule_based,,0.0
2011-02-01,2011-01-28,2011-01-31,2011-02-01,normal,,0.006779375509195662,0.0,,rule_based,,0.0
2011-03-01,2011-02-25,2011-02-28,2011-03-01,normal,,0.006961118567254253,0.0,,rule_based,,0.0
2011-04-01,2011-03-30,2011-03-31,2011-04-01,normal,,0.005830765530215661,0.0,,rule_based,,0.0
2011-05-02,2011-04-28,2011-04-29,2011-05-02,normal,,0.0048290406817198366,0.0,,rule_based,,0.0
2011-06-01,2011-05-27,2011-05-31,2011-06-01,normal,,0.01257355390268999,0.0,,rule_based,,0.0
2011-07-01,2011-06-29,2011-06-30,2011-07-01,normal,,0.00470634716328722,0.0,,rule_based,,0.0
2011-08-01,2011-07-28,2011-07-29,2011-08-01,normal,,0.00884292458744012,0.0,,rule_based,,0.0
2011-09-01,2011-08-30,2011-08-31,2011-09-01,high,,0.029975530225112824,0.0,,rule_based,,0.0
2011-10-03,2011-09-29,2011-09-30,2011-10-03,high,,0.022871230337457398,0.0,,rule_based,,0.0
2011-11-01,2011-10-28,2011-10-31,2011-11-01,high,,0.03769682192113954,0.0,,rule_based,,0.0
2011-12-01,2011-11-29,2011-11-30,2011-12-01,high,,0.013451048395173745,0.0,,rule_based,,0.0
2012-01-03,2011-12-29,2011-12-30,2012-01-03,high,,0.009813179853664256,0.0,,rule_based,,0.0
2012-02-01,2012-01-30,2012-01-31,2012-02-01,normal,,0.011673236563265611,0.0,,rule_based,,0.0
2012-03-01,2012-02-28,2012-02-29,2012-03-01,normal,,0.012081460742882251,0.0,,rule_based,,0.0
2012-04-02,2012-03-29,2012-03-30,2012-04-02,normal,,0.009790795331324278,0.0,,rule_based,,0.0
2012-05-01,2012-04-27,2012-04-30,2012-05-01,normal,,0.0073125828868491685,0.0,,rule_based,,0.0
2012-06-01,2012-05-30,2012-05-31,2012-06-01,normal,,0.025978785911303003,0.0,,rule_based,,0.0
2012-07-02,2012-06-28,2012-06-29,2012-07-02,normal,,0.00432987284104144,0.0,,rule_based,,0.0
2012-08-01,2012-07-30,2012-07-31,2012-08-01,normal,,0.004090485854597904,0.0,,rule_based,,0.0
2012-09-04,2012-08-30,2012-08-31,2012-09-04,normal,,0.007736981022533472,0.0,,rule_based,,0.0
2012-10-01,2012-09-27,2012-09-28,2012-10-01,normal,,0.009805958839412602,0.0,,rule_based,,0.0
2012-11-01,2012-10-26,2012-10-31,2012-11-01,normal,,0.005430682332406393,0.0,,rule_based,,0.0
2012-12-03,2012-11-29,2012-11-30,2012-12-03,normal,,0.003644987870153271,0.0,,rule_based,,0.0
2013-01-02,2012-12-28,2012-12-31,2013-01-02,normal,,0.00805989736837109,0.0,,rule_based,,0.0
2013-02-01,2013-01-30,2013-01-31,2013-02-01,normal,,0.01581771654627453,0.0,,rule_based,,0.0
2013-03-01,2013-02-27,2013-02-28,2013-03-01,normal,,0.0049098319638727315,0.0,,rule_based,,0.0
2013-04-01,2013-03-27,2013-03-28,2013-04-01,normal,,0.007791630594499426,0.0,,rule_based,,0.0
2013-05-01,2013-04-29,2013-04-30,2013-05-01,normal,,0.005824167270630346,0.0,,rule_based,,0.0
2013-06-03,2013-05-30,2013-05-31,2013-06-03,normal,,0.01542114912507302,0.0,,rule_based,,0.0
2013-07-01,2013-06-27,2013-06-28,2013-07-01,normal,,0.005682080215485247,0.0,,rule_based,,0.0
2013-08-01,2013-07-30,2013-07-31,2013-08-01,normal,,0.012185410142088394,0.0,,rule_based,,0.0
2013-09-03,2013-08-29,2013-08-30,2013-09-03,normal,,0.00429211081715038,0.0,,rule_based,,0.0
2013-10-01,2013-09-27,2013-09-30,2013-10-01,normal,,0.011813930308650529,0.0,,rule_based,,0.0
2013-11-01,2013-10-30,2013-10-31,2013-11-01,normal,,0.007601897983983356,0.0,,rule_based,,0.0
2013-12-02,2013-11-27,2013-11-29,2013-12-02,normal,,0.008463610376445517,0.0,,rule_based,,0.0
2014-01-02,2013-12-30,2013-12-31,2014-01-02,normal,,0.007106981856321023,0.0,,rule_based,,0.0
2014-02-03,2014-01-30,2014-01-31,2014-02-03,normal,,0.016113677482566344,0.0,,rule_based,,0.0
2014-03-03,2014-02-27,2014-02-28,2014-03-03,normal,,0.009319829118336315,0.0,,rule_based,,0.0
2014-04-01,2014-03-28,2014-03-31,2014-04-01,normal,,0.0037817420204924214,0.0,,rule_based,,0.0
2014-05-01,2014-04-29,2014-04-30,2014-05-01,normal,,0.002896870818809013,0.0,,rule_based,,0.0
2014-06-02,2014-05-29,2014-05-30,2014-06-02,normal,,0.0026622646443659956,0.0,,rule_based,,0.0
2014-07-01,2014-06-27,2014-06-30,2014-07-01,normal,,0.0059809762187026695,0.0,,rule_based,,0.0
2014-08-01,2014-07-30,2014-07-31,2014-08-01,normal,,0.00477223488820238,0.0,,rule_based,,0.0
2014-09-02,2014-08-28,2014-08-29,2014-09-02,normal,,0.005569360967065933,0.0,,rule_based,,0.0
2014-10-01,2014-09-29,2014-09-30,2014-10-01,normal,,0.00857490864267128,0.0,,rule_based,,0.0
2014-11-03,2014-10-30,2014-10-31,2014-11-03,normal,,0.004776617892634855,0.0,,rule_based,,0.0
2014-12-01,2014-11-26,2014-11-28,2014-12-01,normal,,0.0045830404325753055,0.0,,rule_based,,0.0
2015-01-02,2014-12-30,2014-12-31,2015-01-02,normal,,0.008232226403276782,0.0,,rule_based,,0.0
2015-02-02,2015-01-29,2015-01-30,2015-02-02,normal,,0.010765841715197323,0.0,,rule_based,,0.0
2015-03-02,2015-02-26,2015-02-27,2015-03-02,normal,,0.020512190727527767,0.0,,rule_based,,0.0
2015-04-01,2015-03-30,2015-03-31,2015-04-01,normal,,0.0031854885180201895,0.0,,rule_based,,0.0
2015-05-01,2015-04-29,2015-04-30,2015-05-01,normal,,0.01236306416447822,0.0,,rule_based,,0.0
2015-06-01,2015-05-28,2015-05-29,2015-06-01,normal,,0.008033653583264758,0.0,,rule_based,,0.0
2015-07-01,2015-06-29,2015-06-30,2015-07-01,normal,,0.003784319795119808,0.0,,rule_based,,0.0
2015-08-03,2015-07-30,2015-07-31,2015-08-03,normal,,0.009261343331828018,0.0,,rule_based,,0.0
2015-09-01,2015-08-28,2015-08-31,2015-09-01,normal,,0.015629957507736405,0.0,,rule_based,,0.0
2015-10-01,2015-09-29,2015-09-30,2015-10-01,normal,,0.016619454834059622,0.0,,rule_based,,0.0
2015-11-02,2015-10-29,2015-10-30,2015-11-02,high,,0.018795099498121418,0.0,,rule_based,,0.0
2015-12-01,2015-11-27,2015-11-30,2015-12-01,normal,,0.0046759855817566365,0.0,,rule_based,,0.0
2016-01-04,2015-12-30,2015-12-31,2016-01-04,normal,,0.003604919309138893,0.0,,rule_based,,0.0
2016-02-01,2016-01-28,2016-01-29,2016-02-01,normal,,0.023798618595411453,0.0,,rule_based,,0.0
2016-03-01,2016-02-26,2016-02-29,2016-03-01,high,,0.00625846978344112,0.0,,rule_based,,0.0
2016-04-01,2016-03-30,2016-03-31,2016-04-01,normal,,0.016721237074155036,0.0,,rule_based,,0.0
2016-05-02,2016-04-28,2016-04-29,2016-05-02,normal,,0.003779991051365582,0.0,,rule_based,,0.0
2016-06-01,2016-05-27,2016-05-31,2016-06-01,normal,,0.006262973137355455,0.0,,rule_based,,0.0
2016-07-01,2016-06-29,2016-06-30,2016-07-01,normal,,0.013072031578886312,0.0,,rule_based,,0.0
2016-08-01,2016-07-28,2016-07-29,2016-08-01,normal,,0.00766560294608367,0.0,,rule_based,,0.0
2016-09-01,2016-08-30,2016-08-31,2016-09-01,normal,,0.003421133828585509,0.0,,rule_based,,0.0
2016-10-03,2016-09-29,2016-09-30,2016-10-03,normal,,0.003371402282103156,0.0,,rule_based,,0.0
2016-11-01,2016-10-28,2016-10-31,2016-11-01,normal,,0.0032990987271534072,0.0,,rule_based,,0.0
2016-12-01,2016-11-29,2016-11-30,2016-12-01,normal,,0.019158182454150335,0.0,,rule_based,,0.0
2017-01-03,2016-12-29,2016-12-30,2017-01-03,normal,,0.005933942869951619,0.0,,rule_based,,0.0
2017-02-01,2017-01-30,2017-01-31,2017-02-01,normal,,0.007573603065367772,0.0,,rule_based,,0.0
2017-03-01,2017-02-27,2017-02-28,2017-03-01,normal,,0.0065506088006559125,0.0,,rule_based,,0.0
2017-04-03,2017-03-30,2017-03-31,2017-04-03,normal,,0.007128236134859994,0.0,,rule_based,,0.0
2017-05-01,2017-04-27,2017-04-28,2017-05-01,normal,,0.0022202000576216074,0.0,,rule_based,,0.0
2017-06-01,2017-05-30,2017-05-31,2017-06-01,normal,,0.004608593003601717,0.0,,rule_based,,0.0
2017-07-03,2017-06-29,2017-06-30,2017-07-03,normal,,0.0019321045763363992,0.0,,rule_based,,0.0
2017-08-01,2017-07-28,2017-07-31,2017-08-01,normal,,0.005839924313133647,0.0,,rule_based,,0.0
2017-09-01,2017-08-30,2017-08-31,2017-09-01,normal,,0.005148971312642397,0.0,,rule_based,,0.0
2017-10-02,2017-09-28,2017-09-29,2017-10-02,normal,,0.00793317727229215,0.0,,rule_based,,0.0
2017-11-01,2017-10-30,2017-10-31,2017-11-01,normal,,0.004681031072714146,0.0,,rule_based,,0.0
2017-12-01,2017-11-29,2017-11-30,2017-12-01,normal,,0.004339029403046885,0.0,,rule_based,,0.0
