metric,value
cumulative_return,0.5377198038971438
cagr,0.06351158208047503
annualized_volatility,0.08053609480958131
sharpe,0.8049587816447242
sortino,1.1409899800399919
maximum_drawdown,-0.11300327627283613
benchmark_cumulative_return,0.710834635859749
tracking_error,0.023858836431105278
information_ratio,-0.662460861815199
annualized_arithmetic_active_return,-0.01580554534405787
annualized_turnover,2.067305496030004
total_cost_fraction_sum,0.014446527692495385
compounded_cost_drag,0.02237046332035253
average_absolute_active_weight,0.07363490998795584
maximum_position,0.3781897327432367
average_estimated_tracking_error,0.024501712721337558
mean_ic,-0.057864357864357854
median_ic,-0.04242424242424242
ic_std,0.36643610620013634
ic_information_ratio,-0.15791117983541197
positive_ic_fraction,0.4880952380952381
