,gross,net,benchmark,active,gross_active,turnover,cost,rebalance
2011-01-03,0.006076946518037045,0.0057769465180627245,0.005758296757441179,1.8649760621545705e-05,0.0003186497605958665,0.29999999997432064,0.00029999999997432065,True
2011-01-04,-0.00215605236800924,-0.00215605236800924,-0.00020089233104540923,-0.001955160036963831,-0.001955160036963831,0.0,0.0,False
2011-01-05,-0.0009442936468391345,-0.0009442936468391345,-0.0030702972421233383,0.002126003595284204,0.002126003595284204,0.0,0.0,False
2011-01-06,0.00046802759042013757,0.00046802759042013757,-0.0021675064486189983,0.0026355340390391358,0.0026355340390391358,0.0,0.0,False
2011-01-07,0.0013226117564177945,0.0013226117564177945,-5.727830696466334e-05,0.0013798900633824579,0.0013798900633824579,0.0,0.0,False
2011-01-10,0.0022148218333241276,0.0022148218333241276,-0.00016957081203450346,0.002384392645358631,0.002384392645358631,0.0,0.0,False
2011-01-11,0.00043914295626404826,0.00043914295626404826,0.002198163937179108,-0.00175902098091506,-0.00175902098091506,0.0,0.0,False
2011-01-12,0.0033528393340603426,0.0033528393340603426,0.007372694293567227,-0.004019854959506884,-0.004019854959506884,0.0,0.0,False
2011-01-13,0.0023968280333499367,0.0023968280333499367,0.0014255008444584221,0.0009713271888915145,0.0009713271888915145,0.0,0.0,False
2011-01-14,0.002036092547413257,0.002036092547413257,0.0022118698363226075,-0.00017577728890935066,-0.00017577728890935066,0.0,0.0,False
2011-01-18,-0.00025873382318261184,-0.00025873382318261184,0.000611217060078578,-0.0008699508832611899,-0.0008699508832611899,0.0,0.0,False
2011-01-19,-0.007425105897172837,-0.007425105897172837,-0.0053593850235490875,-0.00206572087362375,-0.00206572087362375,0.0,0.0,False
2011-01-20,-0.005831391287085369,-0.005831391287085369,-0.00616354755412692,0.00033215626704155045,0.00033215626704155045,0.0,0.0,False
2011-01-21,0.0007391412979405824,0.0007391412979405824,0.0014169000727246727,-0.0006777587747840903,-0.0006777587747840903,0.0,0.0,False
2011-01-24,0.003297082847747548,0.003297082847747548,0.004579098788427395,-0.0012820159406798466,-0.0012820159406798466,0.0,0.0,False
2011-01-25,0.002957610921881698,0.002957610921881698,0.001545140120536434,0.0014124708013452639,0.0014124708013452639,0.0,0.0,False
2011-01-26,0.0013804294634748111,0.0013804294634748111,0.0010121975605132346,0.0003682319029615765,0.0003682319029615765,0.0,0.0,False
2011-01-27,0.002877191586859489,0.002877191586859489,0.0021251190151424936,0.0007520725717169953,0.0007520725717169953,0.0,0.0,False
2011-01-28,-0.008467466899179576,-0.008467466899179576,-0.011696506406382366,0.0032290395072027897,0.0032290395072027897,0.0,0.0,False
2011-01-31,0.001867277588593857,0.001867277588593857,0.003377293916578691,-0.001510016327984834,-0.001510016327984834,0.0,0.0,False
2011-02-01,0.01218955381152557,0.011889866841074709,0.010562427146867864,0.0013274396942068445,0.0016271266646577052,0.29968697045086073,0.00029968697045086075,True
2011-02-02,-0.0022708481430946995,-0.0022708481430946995,-0.002390682854599901,0.00011983471150520163,0.00011983471150520163,0.0,0.0,False
2011-02-03,0.0024301195181925875,0.0024301195181925875,-0.0011473888466842796,0.003577508364876867,0.003577508364876867,0.0,0.0,False
2011-02-04,0.0006608625402040977,0.0006608625402040977,-0.0012876129650682367,0.0019484755052723345,0.0019484755052723345,0.0,0.0,False
2011-02-07,0.005218977220886308,0.005218977220886308,0.003343671822138998,0.0018753053987473102,0.0018753053987473102,0.0,0.0,False
2011-02-08,0.0038711839107454463,0.0038711839107454463,0.0004742017560123206,0.003396982154733126,0.003396982154733126,0.0,0.0,False
2011-02-09,-0.0014383980134983882,-0.0014383980134983882,-0.0012156840271915252,-0.00022271398630686304,-0.00022271398630686304,0.0,0.0,False
2011-02-10,0.0003742444689124873,0.0003742444689124873,-0.0035402823413720206,0.003914526810284508,0.003914526810284508,0.0,0.0,False
2011-02-11,0.005971603499381457,0.005971603499381457,0.006069183010295021,-9.757951091356361e-05,-9.757951091356361e-05,0.0,0.0,False
2011-02-14,0.0029471966710549937,0.0029471966710549937,0.0009994484342230165,0.0019477482368319772,0.0019477482368319772,0.0,0.0,False
2011-02-15,-0.001695274723848248,-0.001695274723848248,-0.0005298812711746168,-0.001165393452673631,-0.001165393452673631,0.0,0.0,False
2011-02-16,0.004254173668551704,0.004254173668551704,0.004385997253691326,-0.00013182358513962131,-0.00013182358513962131,0.0,0.0,False
2011-02-17,0.004417910524724358,0.004417910524724358,0.003214436309302626,0.0012034742154217325,0.0012034742154217325,0.0,0.0,False
2011-02-18,0.001741530722966583,0.001741530722966583,0.0018420629759062152,-0.00010053225293963231,-0.00010053225293963231,0.0,0.0,False
2011-02-22,-0.013257737317491847,-0.013257737317491847,-0.012057036031715065,-0.0012007012857767826,-0.0012007012857767826,0.0,0.0,False
2011-02-23,-0.006339367796294656,-0.006339367796294656,-0.0029621380594878036,-0.0033772297368068528,-0.0033772297368068528,0.0,0.0,False
2011-02-24,0.0012819884062234353,0.0012819884062234353,0.0014735189767978761,-0.00019153057057444086,-0.00019153057057444086,0.0,0.0,False
2011-02-25,0.012002736224635414,0.012002736224635414,0.009035327021988906,0.002967409202646508,0.002967409202646508,0.0,0.0,False
2011-02-28,0.003271903987739153,0.003271903987739153,0.004260715637368405,-0.0009888116496292515,-0.0009888116496292515,0.0,0.0,False
2011-03-01,-0.00938254263445201,-0.00968158201108559,-0.008751366247647918,-0.0009302157634376723,-0.0006311763868040929,0.2990393766335794,0.0002990393766335794,True
2011-03-02,0.0008682695072323751,0.0008682695072323751,0.00035188846518890125,0.0005163810420434738,0.0005163810420434738,0.0,0.0,False
2011-03-03,0.009999427664015707,0.009999427664015707,0.007693005119420092,0.002306422544595615,0.002306422544595615,0.0,0.0,False
2011-03-04,-0.0034305131555796412,-0.0034305131555796412,-0.0013389854575861534,-0.002091527697993488,-0.002091527697993488,0.0,0.0,False
2011-03-07,-0.005503945031541237,-0.005503945031541237,-0.007239174222174585,0.001735229190633348,0.001735229190633348,0.0,0.0,False
2011-03-08,0.00496977928210287,0.00496977928210287,0.0042865026037027035,0.0006832766784001668,0.0006832766784001668,0.0,0.0,False
2011-03-09,-0.0013216311284201612,-0.0013216311284201612,0.0020307102941144856,-0.003352341422534647,-0.003352341422534647,0.0,0.0,False
2011-03-10,-0.011543803120542463,-0.011543803120542463,-0.01042201664404365,-0.001121786476498814,-0.001121786476498814,0.0,0.0,False
2011-03-11,0.0025725870901109685,0.0025725870901109685,0.0023207171279878472,0.00025186996212312124,0.00025186996212312124,0.0,0.0,False
2011-03-14,-0.004156989571477828,-0.004156989571477828,-0.0034792684957921385,-0.00067772107568569,-0.00067772107568569,0.0,0.0,False
2011-03-15,-0.007123899803007207,-0.007123899803007207,-0.007087014873216858,-3.688492979034893e-05,-3.688492979034893e-05,0.0,0.0,False
2011-03-16,-0.009149034317996832,-0.009149034317996832,-0.009202188423994447,5.31541059976149e-05,5.31541059976149e-05,0.0,0.0,False
2011-03-17,0.008572515365222456,0.008572515365222456,0.008708020795910416,-0.0001355054306879603,-0.0001355054306879603,0.0,0.0,False
2011-03-18,0.004973249514963498,0.004973249514963498,0.003971012680260399,0.0010022368347030993,0.0010022368347030993,0.0,0.0,False
2011-03-21,0.010434757866946193,0.010434757866946193,0.00932073297677883,0.0011140248901673633,0.0011140248901673633,0.0,0.0,False
2011-03-22,-0.0015274095648484464,-0.0015274095648484464,-0.0008444702585422202,-0.0006829393063062262,-0.0006829393063062262,0.0,0.0,False
2011-03-23,0.0009228564891134749,0.0009228564891134749,0.0020934882875003136,-0.0011706317983868387,-0.0011706317983868387,0.0,0.0,False
2011-03-24,0.00414109618397265,0.00414109618397265,0.004378878875946695,-0.00023778269197404465,-0.00023778269197404465,0.0,0.0,False
2011-03-25,0.002258634235183923,0.002258634235183923,-0.0012670216051336803,0.003525655840317603,0.003525655840317603,0.0,0.0,False
2011-03-28,-0.0010085941523963345,-0.0010085941523963345,-0.0012467984861808381,0.00023820433378450362,0.00023820433378450362,0.0,0.0,False
2011-03-29,0.003214485185315802,0.003214485185315802,0.002715904973520161,0.0004985802117956411,0.0004985802117956411,0.0,0.0,False
2011-03-30,0.005412237167372148,0.005412237167372148,0.007391127789615369,-0.001978890622243221,-0.001978890622243221,0.0,0.0,False
2011-03-31,-0.0006103823171330411,-0.0006103823171330411,-0.0011164814786528289,0.0005060991615197878,0.0005060991615197878,0.0,0.0,False
2011-04-01,0.0014806741524938756,0.0013786486820547108,0.0058907793712313136,-0.0045121306891766026,-0.004410105218737438,0.10202547043916485,0.00010202547043916485,True
2011-04-04,0.0033424614906946244,0.0033424614906946244,0.0022664011902377825,0.001076060300456842,0.001076060300456842,0.0,0.0,False
2011-04-05,0.001982117986592788,0.001982117986592788,-0.0014714427613003482,0.0034535607478931364,0.0034535607478931364,0.0,0.0,False
2011-04-06,0.002271643037210478,0.002271643037210478,0.0007597121696745775,0.0015119308675359006,0.0015119308675359006,0.0,0.0,False
2011-04-07,-0.0014301742959335682,-0.0014301742959335682,-0.002206854603755485,0.0007766803078219169,0.0007766803078219169,0.0,0.0,False
2011-04-08,-0.0019907617464593476,-0.0019907617464593476,-0.0011397323047210653,-0.0008510294417382823,-0.0008510294417382823,0.0,0.0,False
2011-04-11,-0.0034422024963289668,-0.0034422024963289668,-0.0025358100983877857,-0.0009063923979411811,-0.0009063923979411811,0.0,0.0,False
2011-04-12,-0.006213099895837626,-0.006213099895837626,-0.004036653145429448,-0.0021764467504081777,-0.0021764467504081777,0.0,0.0,False
2011-04-13,0.002159018249203911,0.002159018249203911,0.0026722042665950395,-0.0005131860173911286,-0.0005131860173911286,0.0,0.0,False
2011-04-14,0.000765749630225874,0.000765749630225874,0.0003517742306681928,0.00041397539955768123,0.00041397539955768123,0.0,0.0,False
2011-04-15,0.00445143731532717,0.00445143731532717,0.004440473339534422,1.0963975792747938e-05,1.0963975792747938e-05,0.0,0.0,False
2011-04-18,-0.006870414015930489,-0.006870414015930489,-0.008953009116936764,0.002082595101006275,0.002082595101006275,0.0,0.0,False
2011-04-19,0.003360148881782407,0.003360148881782407,0.005042231072182674,-0.0016820821904002673,-0.0016820821904002673,0.0,0.0,False
2011-04-20,0.009491781164756088,0.009491781164756088,0.010165717565109856,-0.0006739364003537675,-0.0006739364003537675,0.0,0.0,False
2011-04-21,0.003924116876087181,0.003924116876087181,0.004011360059651236,-8.724318356405445e-05,-8.724318356405445e-05,0.0,0.0,False
2011-04-25,-0.0007941111984445764,-0.0007941111984445764,-0.00016635505167334006,-0.0006277561467712364,-0.0006277561467712364,0.0,0.0,False
2011-04-26,0.0051592228330231355,0.0051592228330231355,0.007138067680889591,-0.0019788448478664554,-0.0019788448478664554,0.0,0.0,False
2011-04-27,0.005318985355919641,0.005318985355919641,0.0026962067048651485,0.0026227786510544925,0.0026227786510544925,0.0,0.0,False
2011-04-28,0.0025937997037382148,0.0025937997037382148,0.0030325479030402316,-0.0004387481993020168,-0.0004387481993020168,0.0,0.0,False
2011-04-29,0.004055966986599183,0.004055966986599183,0.0015908104445503553,0.0024651565420488273,0.0024651565420488273,0.0,0.0,False
2011-05-02,-0.0036400622816640275,-0.00364584600840154,0.00031204997824870736,-0.003957895986650248,-0.003952112259912735,0.005783726737512909,5.783726737512908e-06,True
2011-05-03,-0.0034395774550902945,-0.0034395774550902945,-0.004404503350778707,0.0009649258956884125,0.0009649258956884125,0.0,0.0,False
2011-05-04,-0.005693739504546043,-0.005693739504546043,-0.004572707143054163,-0.00112103236149188,-0.00112103236149188,0.0,0.0,False
2011-05-05,-0.007955066228593991,-0.007955066228593991,-0.0047984737928831915,-0.0031565924357107996,-0.0031565924357107996,0.0,0.0,False
2011-05-06,0.005371424241114918,0.005371424241114918,0.002781863668616383,0.0025895605724985346,0.0025895605724985346,0.0,0.0,False
2011-05-09,0.0049645679085809635,0.0049645679085809635,0.003354229344822629,0.0016103385637583345,0.0016103385637583345,0.0,0.0,False
2011-05-10,0.006149420841337173,0.006149420841337173,0.003884932956545043,0.0022644878847921297,0.0022644878847921297,0.0,0.0,False
2011-05-11,-0.007787323797455031,-0.007787323797455031,-0.007969168285732273,0.000181844488277242,0.000181844488277242,0.0,0.0,False
2011-05-12,0.0032217154113740208,0.0032217154113740208,0.001484352568956813,0.0017373628424172077,0.0017373628424172077,0.0,0.0,False
2011-05-13,-0.00669796140422551,-0.00669796140422551,-0.005705996641623594,-0.0009919647626019162,-0.0009919647626019162,0.0,0.0,False
2011-05-16,-0.0036988239175643907,-0.0036988239175643907,-0.001795407795694905,-0.0019034161218694856,-0.0019034161218694856,0.0,0.0,False
2011-05-17,-0.00024582433021857797,-0.00024582433021857797,0.0017662727497161535,-0.0020120970799347316,-0.0020120970799347316,0.0,0.0,False
2011-05-18,0.006215391466238865,0.006215391466238865,0.003562777363642012,0.002652614102596853,0.002652614102596853,0.0,0.0,False
2011-05-19,0.0011160501353079412,0.0011160501353079412,0.0014827780065718617,-0.00036672787126392045,-0.00036672787126392045,0.0,0.0,False
2011-05-20,-0.0029343034050714487,-0.0029343034050714487,-0.005171587020117806,0.0022372836150463572,0.0022372836150463572,0.0,0.0,False
2011-05-23,-0.008164888862159197,-0.008164888862159197,-0.009259425396258694,0.0010945365340994974,0.0010945365340994974,0.0,0.0,False
2011-05-24,-0.0009887380473003098,-0.0009887380473003098,0.0018989419726229374,-0.002887680019923247,-0.002887680019923247,0.0,0.0,False
2011-05-25,0.0028625439141098693,0.0028625439141098693,0.0021873224100274037,0.0006752215040824656,0.0006752215040824656,0.0,0.0,False
2011-05-26,0.0031865659567310326,0.0031865659567310326,0.006850864409588325,-0.0036642984528572923,-0.0036642984528572923,0.0,0.0,False
2011-05-27,0.004467279153572404,0.004467279153572404,0.003664394056973127,0.0008028850965992773,0.0008028850965992773,0.0,0.0,False
2011-05-31,0.006628541587453513,0.006628541587453513,0.008799251962052066,-0.002170710374598553,-0.002170710374598553,0.0,0.0,False
2011-06-01,-0.018028795916555998,-0.018209360776869493,-0.010619257905147866,-0.007590102871721627,-0.007409538011408132,0.18056486031349567,0.00018056486031349568,True
2011-06-02,0.00026513186421957735,0.00026513186421957735,-0.002209926218659382,0.0024750580828789594,0.0024750580828789594,0.0,0.0,False
2011-06-03,-0.006508490894780014,-0.006508490894780014,-0.002678187424268135,-0.0038303034705118796,-0.0038303034705118796,0.0,0.0,False
2011-06-06,-0.008806830175608023,-0.008806830175608023,-0.008236365910487759,-0.000570464265120264,-0.000570464265120264,0.0,0.0,False
2011-06-07,0.0014312985788610512,0.0014312985788610512,0.0032171502762132946,-0.0017858516973522434,-0.0017858516973522434,0.0,0.0,False
2011-06-08,-0.006771732825593551,-0.006771732825593551,-0.003462198219461957,-0.003309534606131594,-0.003309534606131594,0.0,0.0,False
2011-06-09,0.0053626209476418385,0.0053626209476418385,0.0033503112611029287,0.00201230968653891,0.00201230968653891,0.0,0.0,False
2011-06-10,-0.013201566011959641,-0.013201566011959641,-0.009602974559693146,-0.003598591452266495,-0.003598591452266495,0.0,0.0,False
2011-06-13,-0.0011421094314870899,-0.0011421094314870899,-0.00039453307174626244,-0.0007475763597408274,-0.0007475763597408274,0.0,0.0,False
2011-06-14,0.012321616989229851,0.012321616989229851,0.0059454837985093295,0.006376133190720522,0.006376133190720522,0.0,0.0,False
2011-06-15,-0.01570220568651037,-0.01570220568651037,-0.009162837659046214,-0.006539368027464156,-0.006539368027464156,0.0,0.0,False
2011-06-16,-0.005952303991157293,-0.005952303991157293,3.0406902654448928e-05,-0.005982710893811742,-0.005982710893811742,0.0,0.0,False
2011-06-17,0.006731539005374725,0.006731539005374725,0.0020979296920376153,0.00463360931333711,0.00463360931333711,0.0,0.0,False
2011-06-20,0.005134206072442748,0.005134206072442748,0.001385144358279927,0.0037490617141628206,0.0037490617141628206,0.0,0.0,False
2011-06-21,0.013554243533732907,0.013554243533732907,0.009471035215856712,0.0040832083178761955,0.0040832083178761955,0.0,0.0,False
2011-06-22,-0.007298826253540497,-0.007298826253540497,-0.0044072260633894415,-0.0028916001901510557,-0.0028916001901510557,0.0,0.0,False
2011-06-23,-0.00017207007523437371,-0.00017207007523437371,-0.00017120444609853598,-8.656291358377318e-07,-8.656291358377318e-07,0.0,0.0,False
2011-06-24,-0.008037827266607121,-0.008037827266607121,-0.0044875532051203895,-0.0035502740614867315,-0.0035502740614867315,0.0,0.0,False
2011-06-27,0.00538666373774555,0.00538666373774555,0.0032840337032478033,0.002102630034497747,0.002102630034497747,0.0,0.0,False
2011-06-28,0.009948286445312997,0.009948286445312997,0.0042858487931425725,0.005662437652170425,0.005662437652170425,0.0,0.0,False
2011-06-29,0.01016707154102729,0.01016707154102729,0.004347565848599917,0.005819505692427373,0.005819505692427373,0.0,0.0,False
2011-06-30,0.009170920043157813,0.009170920043157813,0.005887852876428207,0.0032830671667296064,0.0032830671667296064,0.0,0.0,False
2011-07-01,0.01237426683720151,0.012142344361843837,0.007462897958582964,0.004679446403260873,0.004911368878618545,0.2319224753576725,0.0002319224753576725,True
2011-07-05,0.0014805788981253987,0.0014805788981253987,0.0008261854184368176,0.000654393479688581,0.000654393479688581,0.0,0.0,False
2011-07-06,0.0023195269798380663,0.0023195269798380663,-0.00012356582011547945,0.0024430927999535457,0.0024430927999535457,0.0,0.0,False
2011-07-07,0.009860790232206974,0.009860790232206974,0.0056841874765859455,0.004176602755621028,0.004176602755621028,0.0,0.0,False
2011-07-08,-0.004950864598749391,-0.004950864598749391,-0.0016869626358060198,-0.0032639019629433714,-0.0032639019629433714,0.0,0.0,False
2011-07-11,-0.016369140765156415,-0.016369140765156415,-0.010999801062217873,-0.0053693397029385415,-0.0053693397029385415,0.0,0.0,False
2011-07-12,-0.0033971884037745743,-0.0033971884037745743,-0.002945584485052768,-0.00045160391872180617,-0.00045160391872180617,0.0,0.0,False
2011-07-13,0.004702736544832275,0.004702736544832275,0.006041905916301467,-0.0013391693714691925,-0.0013391693714691925,0.0,0.0,False
2011-07-14,-0.007511640675447628,-0.007511640675447628,-0.008019123971126602,0.0005074832956789739,0.0005074832956789739,0.0,0.0,False
2011-07-15,0.004705278109023588,0.004705278109023588,0.004450069586479125,0.00025520852254446325,0.00025520852254446325,0.0,0.0,False
2011-07-18,-0.008113437279776228,-0.008113437279776228,-0.007745463708428084,-0.0003679735713481439,-0.0003679735713481439,0.0,0.0,False
2011-07-19,0.014256075093661566,0.014256075093661566,0.012141965390597316,0.0021141097030642503,0.0021141097030642503,0.0,0.0,False
2011-07-20,0.00037415410282876354,0.00037415410282876354,-0.00022293445181539872,0.0005970885546441623,0.0005970885546441623,0.0,0.0,False
2011-07-21,0.009380555636198218,0.009380555636198218,0.007545279397726274,0.0018352762384719438,0.0018352762384719438,0.0,0.0,False
2011-07-22,0.0014572483222592013,0.0014572483222592013,0.0021052608384846926,-0.0006480125162254913,-0.0006480125162254913,0.0,0.0,False
2011-07-25,-0.007438495598366589,-0.007438495598366589,-0.005319184444887543,-0.002119311153479046,-0.002119311153479046,0.0,0.0,False
2011-07-26,-0.0023428669621333477,-0.0023428669621333477,0.0015759848066674179,-0.003918851768800765,-0.003918851768800765,0.0,0.0,False
2011-07-27,-0.019795467610725828,-0.019795467610725828,-0.013738446644646296,-0.006057020966079532,-0.006057020966079532,0.0,0.0,False
2011-07-28,-0.0008471158716627488,-0.0008471158716627488,-0.00029130003266005433,-0.0005558158390026944,-0.0005558158390026944,0.0,0.0,False
2011-07-29,-0.0023740885767845523,-0.0023740885767845523,0.0035718183748862055,-0.005945906951670758,-0.005945906951670758,0.0,0.0,False
2011-08-01,-0.0031044607198521717,-0.0032123463465547346,-0.0019017134586351903,-0.0013106328879195443,-0.0012027472612169813,0.1078856267025628,0.00010788562670256278,True
2011-08-02,-0.02353082366739019,-0.02353082366739019,-0.011564134355900715,-0.011966689311489476,-0.011966689311489476,0.0,0.0,False
2011-08-03,0.004019542007572619,0.004019542007572619,0.0026473929010459372,0.0013721491065266816,0.0013721491065266816,0.0,0.0,False
2011-08-04,-0.04604309687080001,-0.04604309687080001,-0.026923399256446483,-0.019119697614353524,-0.019119697614353524,0.0,0.0,False
2011-08-05,-0.006821360385956588,-0.006821360385956588,-0.005460737852006653,-0.0013606225339499352,-0.0013606225339499352,0.0,0.0,False
2011-08-08,-0.06553611551117924,-0.06553611551117924,-0.037985266434347686,-0.027550849076831557,-0.027550849076831557,0.0,0.0,False
2011-08-09,0.04807093551072314,0.04807093551072314,0.033610405270609,0.014460530240114136,0.014460530240114136,0.0,0.0,False
2011-08-10,-0.03724267992772837,-0.03724267992772837,-0.022280465711794886,-0.014962214215933481,-0.014962214215933481,0.0,0.0,False
2011-08-11,0.03802001371457269,0.03802001371457269,0.01657216513076376,0.02144784858380893,0.02144784858380893,0.0,0.0,False
2011-08-12,0.0029779777707744336,0.0029779777707744336,0.008231018737006076,-0.005253040966231642,-0.005253040966231642,0.0,0.0,False
2011-08-15,0.022024007379832206,0.022024007379832206,0.011716318798060277,0.010307688581771928,0.010307688581771928,0.0,0.0,False
2011-08-16,-0.01119910414595315,-0.01119910414595315,-0.003739442390718422,-0.007459661755234728,-0.007459661755234728,0.0,0.0,False
2011-08-17,0.0037593567450030997,0.0037593567450030997,0.004637171564010918,-0.0008778148190078179,-0.0008778148190078179,0.0,0.0,False
2011-08-18,-0.03804277382112802,-0.03804277382112802,-0.023750770334881044,-0.014292003486246978,-0.014292003486246978,0.0,0.0,False
2011-08-19,-0.014297882057150855,-0.014297882057150855,-0.0083390491545431,-0.005958832902607755,-0.005958832902607755,0.0,0.0,False
2011-08-22,-0.0004969271434149723,-0.0004969271434149723,-0.00031585620435806204,-0.00018107093905691022,-0.00018107093905691022,0.0,0.0,False
2011-08-23,0.029687529572453818,0.029687529572453818,0.01535065921094745,0.014336870361506368,0.014336870361506368,0.0,0.0,False
2011-08-24,0.008422458728199805,0.008422458728199805,-0.002084113459434134,0.010506572187633938,0.010506572187633938,0.0,0.0,False
2011-08-25,-0.016112335505637537,-0.016112335505637537,-0.007866221463452207,-0.00824611404218533,-0.00824611404218533,0.0,0.0,False
2011-08-26,0.016231531163294392,0.016231531163294392,0.010319885838877054,0.005911645324417339,0.005911645324417339,0.0,0.0,False
2011-08-29,0.029109753859490568,0.029109753859490568,0.014924240431710822,0.014185513427779746,0.014185513427779746,0.0,0.0,False
2011-08-30,0.0034700489754968277,0.0034700489754968277,0.0035861133816183994,-0.00011606440612157163,-0.00011606440612157163,0.0,0.0,False
2011-08-31,0.004819482424726945,0.004819482424726945,0.0044256857102163575,0.0003937967145105879,0.0003937967145105879,0.0,0.0,False
2011-09-01,-0.008988697164408971,-0.009088697160946079,-0.003836704289468606,-0.005251992871477473,-0.005151992874940365,0.09999999653710862,9.999999653710861e-05,True
2011-09-02,-0.016192964256095954,-0.016192964256095954,-0.01055247718241656,-0.005640487073679394,-0.005640487073679394,0.0,0.0,False
2011-09-06,-0.007086790595258401,-0.007086790595258401,-0.006394313572490415,-0.0006924770227679858,-0.0006924770227679858,0.0,0.0,False
2011-09-07,0.016800647719001874,0.016800647719001874,0.015408423347531643,0.0013922243714702305,0.0013922243714702305,0.0,0.0,False
2011-09-08,-0.004377093382065916,-0.004377093382065916,-0.007734005879632596,0.0033569124975666807,0.0033569124975666807,0.0,0.0,False
2011-09-09,-0.01953467919298476,-0.01953467919298476,-0.01573704781399373,-0.0037976313789910288,-0.0037976313789910288,0.0,0.0,False
2011-09-12,-0.0008174955278867792,-0.0008174955278867792,-2.7292538670183432e-05,-0.0007902029892165958,-0.0007902029892165958,0.0,0.0,False
2011-09-13,0.010492201037293872,0.010492201037293872,0.003697017258903766,0.0067951837783901065,0.0067951837783901065,0.0,0.0,False
2011-09-14,0.010372265332211276,0.010372265332211276,0.007349693241613366,0.0030225720905979105,0.0030225720905979105,0.0,0.0,False
2011-09-15,0.009856556234057436,0.009856556234057436,0.007400810622516307,0.002455745611541129,0.002455745611541129,0.0,0.0,False
2011-09-16,0.0031987503035469686,0.0031987503035469686,0.002859018525372155,0.00033973177817481345,0.00033973177817481345,0.0,0.0,False
2011-09-19,-0.009811160399883827,-0.009811160399883827,-0.007162550530684742,-0.002648609869199085,-0.002648609869199085,0.0,0.0,False
2011-09-20,-0.0021961078940760494,-0.0021961078940760494,-0.0006595693148923705,-0.001536538579183679,-0.001536538579183679,0.0,0.0,False
2011-09-21,-0.023038524650674554,-0.023038524650674554,-0.015266874337352937,-0.007771650313321617,-0.007771650313321617,0.0,0.0,False
2011-09-22,-0.02475476436531906,-0.02475476436531906,-0.017367411148564972,-0.007387353216754086,-0.007387353216754086,0.0,0.0,False
2011-09-23,-0.00024318613504170031,-0.00024318613504170031,0.002172985161739527,-0.002416171296781227,-0.002416171296781227,0.0,0.0,False
2011-09-26,0.012593252201579787,0.012593252201579787,0.009894028198190699,0.0026992240033890877,0.0026992240033890877,0.0,0.0,False
2011-09-27,0.011202597733623754,0.011202597733623754,0.007825797030960775,0.003376800702662979,0.003376800702662979,0.0,0.0,False
2011-09-28,-0.02244301182523846,-0.02244301182523846,-0.013686471137629715,-0.008756540687608744,-0.008756540687608744,0.0,0.0,False
2011-09-29,0.007136670024669625,0.007136670024669625,0.007382958501635994,-0.00024628847696636907,-0.00024628847696636907,0.0,0.0,False
2011-09-30,-0.022133898119794063,-0.022133898119794063,-0.014677188726937875,-0.007456709392856187,-0.007456709392856187,0.0,0.0,False
2011-10-03,-0.014398784137785,-0.014696432436891234,-0.013668491157405475,-0.0010279412794857584,-0.0007302929803795245,0.2976482991062333,0.0002976482991062333,True
2011-10-04,0.012563531569308029,0.012563531569308029,0.010451137332773478,0.0021123942365345507,0.0021123942365345507,0.0,0.0,False
2011-10-05,0.009719780293590455,0.009719780293590455,0.010253064014107246,-0.000533283720516791,-0.000533283720516791,0.0,0.0,False
2011-10-06,0.009968827955130728,0.009968827955130728,0.011034435525719892,-0.0010656075705891641,-0.0010656075705891641,0.0,0.0,False
2011-10-07,-0.008344345143177905,-0.008344345143177905,-0.007066475285214891,-0.001277869857963014,-0.001277869857963014,0.0,0.0,False
2011-10-10,0.020309713824485744,0.020309713824485744,0.020297831394906946,1.1882429578797399e-05,1.1882429578797399e-05,0.0,0.0,False
2011-10-11,0.00045903824690029377,0.00045903824690029377,0.001306114510734323,-0.0008470762638340293,-0.0008470762638340293,0.0,0.0,False
2011-10-12,0.007577168268015567,0.007577168268015567,0.007530716790654634,4.6451477360933205e-05,4.6451477360933205e-05,0.0,0.0,False
2011-10-13,-0.0007727066814170664,-0.0007727066814170664,-0.00021934454476788229,-0.0005533621366491841,-0.0005533621366491841,0.0,0.0,False
2011-10-14,0.009282417034099573,0.009282417034099573,0.008534033353178056,0.0007483836809215171,0.0007483836809215171,0.0,0.0,False
2011-10-17,-0.011017612338203787,-0.011017612338203787,-0.012850168533603717,0.0018325561953999297,0.0018325561953999297,0.0,0.0,False
2011-10-18,0.010941257613243494,0.010941257613243494,0.012423593147163398,-0.0014823355339199044,-0.0014823355339199044,0.0,0.0,False
2011-10-19,-0.008467104139232347,-0.008467104139232347,-0.008866966404572556,0.00039986226534020897,0.00039986226534020897,0.0,0.0,False
2011-10-20,0.0011004770484844455,0.0011004770484844455,-0.0005320275225277906,0.001632504571012236,0.001632504571012236,0.0,0.0,False
2011-10-21,0.012120485038819906,0.012120485038819906,0.01335311934292251,-0.001232634304102604,-0.001232634304102604,0.0,0.0,False
2011-10-24,0.013231677783328167,0.013231677783328167,0.012685508025596696,0.0005461697577314704,0.0005461697577314704,0.0,0.0,False
2011-10-25,-0.008494672375585582,-0.008494672375585582,-0.008991030225279157,0.0004963578496935753,0.0004963578496935753,0.0,0.0,False
2011-10-26,0.005904660445356284,0.005904660445356284,0.0058511808688219485,5.34795765343354e-05,5.34795765343354e-05,0.0,0.0,False
2011-10-27,0.02060432999340963,0.02060432999340963,0.025015038719867398,-0.004410708726457768,-0.004410708726457768,0.0,0.0,False
2011-10-28,0.00037416196862292126,0.00037416196862292126,-0.0001639243156598127,0.000538086284282734,0.000538086284282734,0.0,0.0,False
2011-10-31,-0.011964352165323034,-0.011964352165323034,-0.01702219817540271,0.0050578460100796745,0.0050578460100796745,0.0,0.0,False
2011-11-01,-0.005851981662599892,-0.006081068434876408,-0.012435709892045604,0.006354641457169196,0.006583728229445712,0.2290867722765156,0.0002290867722765156,True
2011-11-02,0.006373157768063016,0.006373157768063016,0.009710065799251082,-0.0033369080311880664,-0.0033369080311880664,0.0,0.0,False
2011-11-03,0.006226074523657629,0.006226074523657629,0.009812563130446598,-0.0035864886067889686,-0.0035864886067889686,0.0,0.0,False
2011-11-04,-0.0016539673495005,-0.0016539673495005,-0.0036541083951877515,0.0020001410456872513,0.0020001410456872513,0.0,0.0,False
2011-11-07,0.0032217757308890113,0.0032217757308890113,0.003189061603381404,3.271412750760743e-05,3.271412750760743e-05,0.0,0.0,False
2011-11-08,0.0031614580103234324,0.0031614580103234324,0.005090033608189517,-0.0019285755978660844,-0.0019285755978660844,0.0,0.0,False
2011-11-09,-0.014066171832627601,-0.014066171832627601,-0.024762112700511513,0.010695940867883912,0.010695940867883912,0.0,0.0,False
2011-11-10,0.0002979145513852439,0.0002979145513852439,0.003001283283648108,-0.0027033687322628643,-0.0027033687322628643,0.0,0.0,False
2011-11-11,0.007868679050195056,0.007868679050195056,0.011466108409800597,-0.0035974293596055407,-0.0035974293596055407,0.0,0.0,False
2011-11-14,-0.0008944097608299924,-0.0008944097608299924,-0.005543754603830378,0.004649344843000385,0.004649344843000385,0.0,0.0,False
2011-11-15,0.002919002851421782,0.002919002851421782,0.001846191365399275,0.001072811486022507,0.001072811486022507,0.0,0.0,False
2011-11-16,-0.005294494770751896,-0.005294494770751896,-0.010343939877449974,0.005049445106698078,0.005049445106698078,0.0,0.0,False
2011-11-17,-0.005645465254012497,-0.005645465254012497,-0.009889263501921059,0.004243798247908562,0.004243798247908562,0.0,0.0,False
2011-11-18,-0.0017696048160475905,-0.0017696048160475905,-1.6741909703250684e-06,-0.0017679306250772656,-0.0017679306250772656,0.0,0.0,False
2011-11-21,-0.008095435204291918,-0.008095435204291918,-0.013367994848390866,0.005272559644098947,0.005272559644098947,0.0,0.0,False
2011-11-22,0.0003212002996939179,0.0003212002996939179,-0.0008149264262045393,0.0011361267258984571,0.0011361267258984571,0.0,0.0,False
2011-11-23,-0.00912846346545233,-0.00912846346545233,-0.01458439294761586,0.005455929482163531,0.005455929482163531,0.0,0.0,False
2011-11-25,-0.007093493585791245,-0.007093493585791245,-0.00498650915002029,-0.002106984435770955,-0.002106984435770955,0.0,0.0,False
2011-11-28,0.0162507248115518,0.0162507248115518,0.021352278704332685,-0.005101553892780886,-0.005101553892780886,0.0,0.0,False
2011-11-29,-0.0012952673814103726,-0.0012952673814103726,8.406144501977891e-05,-0.0013793288264301515,-0.0013793288264301515,0.0,0.0,False
2011-11-30,0.017790665274326704,0.017790665274326704,0.02707000261804747,-0.009279337343720766,-0.009279337343720766,0.0,0.0,False
2011-12-01,-0.0010755743914755405,-0.0013677773806045673,-0.0019559047320410637,0.0005881273514364964,0.0008803303405655232,0.29220298912902687,0.00029220298912902687,True
2011-12-02,0.0029104208205317783,0.0029104208205317783,0.0024778652750999442,0.0004325555454318341,0.0004325555454318341,0.0,0.0,False
2011-12-05,0.0061036080495858935,0.0061036080495858935,0.008347849720991212,-0.0022442416714053186,-0.0022442416714053186,0.0,0.0,False
2011-12-06,-0.0008315500465930681,-0.0008315500465930681,-0.0037176745077548076,0.0028861244611617393,0.0028861244611617393,0.0,0.0,False
2011-12-07,0.0039056594759117034,0.0039056594759117034,0.004493672466028351,-0.0005880129901166477,-0.0005880129901166477,0.0,0.0,False
2011-12-08,-0.013892883618323283,-0.013892883618323283,-0.015512333136505036,0.001619449518181753,0.001619449518181753,0.0,0.0,False
2011-12-09,0.008331454872571455,0.008331454872571455,0.009138415708381501,-0.0008069608358100468,-0.0008069608358100468,0.0,0.0,False
2011-12-12,-0.009200931895862532,-0.009200931895862532,-0.011905889940194935,0.0027049580443324027,0.0027049580443324027,0.0,0.0,False
2011-12-13,-0.006781756808331052,-0.006781756808331052,-0.00479022342979174,-0.001991533378539312,-0.001991533378539312,0.0,0.0,False
2011-12-14,-0.007606946017697086,-0.007606946017697086,-0.004803959708622588,-0.002802986309074498,-0.002802986309074498,0.0,0.0,False
2011-12-15,0.0023703269792071727,0.0023703269792071727,0.0027362012235108875,-0.0003658742443037148,-0.0003658742443037148,0.0,0.0,False
2011-12-16,0.005473374527436268,0.005473374527436268,0.0034225927089467476,0.0020507818184895203,0.0020507818184895203,0.0,0.0,False
2011-12-19,-0.004998899609794087,-0.004998899609794087,-0.0059050204320808975,0.0009061208222868105,0.0009061208222868105,0.0,0.0,False
2011-12-20,0.015353366516778537,0.015353366516778537,0.01652305634289365,-0.0011696898261151119,-0.0011696898261151119,0.0,0.0,False
2011-12-21,-0.00017764061577050768,-0.00017764061577050768,-0.001710590444643463,0.0015329498288729553,0.0015329498288729553,0.0,0.0,False
2011-12-22,0.0046710206009869006,0.0046710206009869006,0.006832978061587169,-0.002161957460600269,-0.002161957460600269,0.0,0.0,False
2011-12-23,0.0024164937634409893,0.0024164937634409893,0.0024035620985125845,1.2931664928404751e-05,1.2931664928404751e-05,0.0,0.0,False
2011-12-27,0.0006908013932503999,0.0006908013932503999,-0.00025558749699585603,0.0009463888902462559,0.0009463888902462559,0.0,0.0,False
2011-12-28,-0.007941282876261781,-0.007941282876261781,-0.006656454172802726,-0.001284828703459055,-0.001284828703459055,0.0,0.0,False
2011-12-29,0.004969121955193504,0.004969121955193504,0.007615313580277028,-0.002646191625083524,-0.002646191625083524,0.0,0.0,False
2011-12-30,4.8153509913886504e-05,4.8153509913886504e-05,0.0005493300200002436,-0.0005011765100863571,-0.0005011765100863571,0.0,0.0,False
2012-01-03,0.00979001198857136,0.00949176679417855,0.010615532859231941,-0.0011237660650533915,-0.0008255208706605816,0.2982451943928104,0.0002982451943928104,True
2012-01-04,-0.001052194467082519,-0.001052194467082519,-0.002355469443620351,0.0013032749765378323,0.0013032749765378323,0.0,0.0,False
2012-01-05,-0.0007252252538366226,-0.0007252252538366226,-0.0022976529472545698,0.0015724276934179471,0.0015724276934179471,0.0,0.0,False
2012-01-06,-0.0017409221071310712,-0.0017409221071310712,-0.0025132152518639126,0.0007722931447328414,0.0007722931447328414,0.0,0.0,False
2012-01-09,0.0009615498239471522,0.0009615498239471522,0.0023474566552333332,-0.001385906831286181,-0.001385906831286181,0.0,0.0,False
2012-01-10,0.006112101626466938,0.006112101626466938,0.00778125778793205,-0.0016691561614651119,-0.0016691561614651119,0.0,0.0,False
2012-01-11,0.0025499523373906934,0.0025499523373906934,0.0017064313793152004,0.000843520958075493,0.000843520958075493,0.0,0.0,False
2012-01-12,0.0012800651533820494,0.0012800651533820494,0.0017834216680045474,-0.000503356514622498,-0.000503356514622498,0.0,0.0,False
2012-01-13,-0.002373716105767583,-0.002373716105767583,-0.002499459633733942,0.00012574352796635878,0.00012574352796635878,0.0,0.0,False
2012-01-17,0.0044386661937498685,0.0044386661937498685,0.0057369291437692985,-0.00129826295001943,-0.00129826295001943,0.0,0.0,False
2012-01-18,0.005804913369779028,0.005804913369779028,0.007851406569516958,-0.00204649319973793,-0.00204649319973793,0.0,0.0,False
2012-01-19,0.0012601676593729067,0.0012601676593729067,0.0028377838936531176,-0.001577616234280211,-0.001577616234280211,0.0,0.0,False
2012-01-20,0.0012684722176210077,0.0012684722176210077,0.00031688219758863913,0.0009515900200323685,0.0009515900200323685,0.0,0.0,False
2012-01-23,-0.0005134155325051849,-0.0005134155325051849,-0.0001798687113140629,-0.00033354682119112204,-0.00033354682119112204,0.0,0.0,False
2012-01-24,-0.0014616871967944901,-0.0014616871967944901,7.847783802831089e-05,-0.001540165034822801,-0.001540165034822801,0.0,0.0,False
2012-01-25,0.009116999267808696,0.009116999267808696,0.007080467136103684,0.002036532131705012,0.002036532131705012,0.0,0.0,False
2012-01-26,0.001008003830661578,0.001008003830661578,0.0007784870886672046,0.00022951674199437353,0.00022951674199437353,0.0,0.0,False
2012-01-27,0.002297921370663191,0.002297921370663191,0.001979444352786976,0.000318477017876215,0.000318477017876215,0.0,0.0,False
2012-01-30,-0.0023516482093233074,-0.0023516482093233074,-0.0037666766540959402,0.0014150284447726328,0.0014150284447726328,0.0,0.0,False
2012-01-31,0.0030060639076794887,0.0030060639076794887,0.0032453573948535274,-0.00023929348717403875,-0.00023929348717403875,0.0,0.0,False
2012-02-01,0.0039025197725491164,0.003641003374743842,0.007600154184699731,-0.003959150809955889,-0.0036976344121506144,0.26151639780527447,0.00026151639780527445,True
2012-02-02,0.0019451731535350993,0.0019451731535350993,0.001930185081858573,1.4988071676526327e-05,1.4988071676526327e-05,0.0,0.0,False
2012-02-03,0.0030446645905191114,0.0030446645905191114,0.006541726080929788,-0.003497061490410677,-0.003497061490410677,0.0,0.0,False
2012-02-06,0.0013854527642221497,0.0013854527642221497,-0.0005785286398423802,0.0019639814040645297,0.0019639814040645297,0.0,0.0,False
2012-02-07,-0.002855312589753069,-0.002855312589753069,-0.0002580037412968859,-0.002597308848456183,-0.002597308848456183,0.0,0.0,False
2012-02-08,0.0016824598308750546,0.0016824598308750546,0.0025584584517778348,-0.0008759986209027802,-0.0008759986209027802,0.0,0.0,False
2012-02-09,-0.0020378291297639285,-0.0020378291297639285,-0.0007933440086770404,-0.001244485121086888,-0.001244485121086888,0.0,0.0,False
2012-02-10,-0.0014629324090334808,-0.0014629324090334808,-0.006564367957611455,0.005101435548577974,0.005101435548577974,0.0,0.0,False
2012-02-13,0.004666478346392367,0.004666478346392367,0.006744594320174795,-0.002078115973782428,-0.002078115973782428,0.0,0.0,False
2012-02-14,0.00018462871843459713,0.00018462871843459713,-0.0018092181041403223,0.0019938468225749193,0.0019938468225749193,0.0,0.0,False
2012-02-15,-0.002924306263389731,-0.002924306263389731,-0.001532091241897177,-0.0013922150214925539,-0.0013922150214925539,0.0,0.0,False
2012-02-16,0.004306588677437899,0.004306588677437899,0.005981923887578814,-0.001675335210140915,-0.001675335210140915,0.0,0.0,False
2012-02-17,0.000489495577374949,0.000489495577374949,0.001219944535222162,-0.0007304489578472131,-0.0007304489578472131,0.0,0.0,False
2012-02-21,-0.00339830138634879,-0.00339830138634879,-0.0020684716757396666,-0.0013298297106091234,-0.0013298297106091234,0.0,0.0,False
2012-02-22,0.0005380310537850866,0.0005380310537850866,0.0006069964365171443,-6.896538273205768e-05,-6.896538273205768e-05,0.0,0.0,False
2012-02-23,0.004415723171408732,0.004415723171408732,0.00366476707133055,0.0007509561000781815,0.0007509561000781815,0.0,0.0,False
2012-02-24,0.0014895852855107946,0.0014895852855107946,0.003088554217031695,-0.0015989689315209004,-0.0015989689315209004,0.0,0.0,False
2012-02-27,0.0025806369631441828,0.0025806369631441828,0.00022720105919623028,0.0023534359039479526,0.0023534359039479526,0.0,0.0,False
2012-02-28,0.000544585029267356,0.000544585029267356,0.003994801784234453,-0.0034502167549670965,-0.0034502167549670965,0.0,0.0,False
2012-02-29,-0.005702627723356814,-0.005702627723356814,-0.004947908836538648,-0.0007547188868181655,-0.0007547188868181655,0.0,0.0,False
2012-03-01,0.0002923144627402979,0.0002795898206853821,0.0029893702063194744,-0.0027097803856340925,-0.0026970557435791764,0.012724642054915832,1.2724642054915833e-05,True
2012-03-02,-0.000848851355596083,-0.000848851355596083,-0.001996936943310274,0.001148085587714191,0.001148085587714191,0.0,0.0,False
2012-03-05,-0.0029407074136207057,-0.0029407074136207057,-0.00476449751464369,0.0018237901010229843,0.0018237901010229843,0.0,0.0,False
2012-03-06,-0.005292348641450046,-0.005292348641450046,-0.012293242203372039,0.007000893561921993,0.007000893561921993,0.0,0.0,False
2012-03-07,0.002403979652771761,0.002403979652771761,0.004773160210994309,-0.0023691805582225483,-0.0023691805582225483,0.0,0.0,False
2012-03-08,0.0031998261109479247,0.0031998261109479247,0.007800807160139799,-0.004600981049191874,-0.004600981049191874,0.0,0.0,False
2012-03-09,0.003322514970704719,0.003322514970704719,0.0011670446608431034,0.002155470309861615,0.002155470309861615,0.0,0.0,False
2012-03-12,-0.0004586707795715633,-0.0004586707795715633,-0.0019079751413175637,0.0014493043617460003,0.0014493043617460003,0.0,0.0,False
2012-03-13,0.004737326105596245,0.004737326105596245,0.008835267442402542,-0.004097941336806297,-0.004097941336806297,0.0,0.0,False
2012-03-14,-0.008798437823724397,-0.008798437823724397,-0.008889411989765325,9.097416604092814e-05,9.097416604092814e-05,0.0,0.0,False
2012-03-15,0.0033526472719614822,0.0033526472719614822,0.004129877874906984,-0.000777230602945502,-0.000777230602945502,0.0,0.0,False
2012-03-16,0.0005351497094064857,0.0005351497094064857,0.0015680937848826983,-0.0010329440754762126,-0.0010329440754762126,0.0,0.0,False
2012-03-19,-0.0007465813902410483,-0.0007465813902410483,8.091765976570757e-05,-0.0008274990500067559,-0.0008274990500067559,0.0,0.0,False
2012-03-20,-0.0018653991395370328,-0.0018653991395370328,-0.004690491407935297,0.0028250922683982645,0.0028250922683982645,0.0,0.0,False
2012-03-21,0.0024962410551662706,0.0024962410551662706,0.0008665796507719347,0.0016296614043943359,0.0016296614043943359,0.0,0.0,False
2012-03-22,-0.0033444205330348644,-0.0033444205330348644,-0.005100727693905271,0.0017563071608704068,0.0017563071608704068,0.0,0.0,False
2012-03-23,0.004995022101861821,0.004995022101861821,0.004576463415274831,0.0004185586865869898,0.0004185586865869898,0.0,0.0,False
2012-03-26,0.007320661512052066,0.007320661512052066,0.008858366601556207,-0.0015377050895041414,-0.0015377050895041414,0.0,0.0,False
2012-03-27,0.0007314104422758396,0.0007314104422758396,-0.00024062551547489688,0.0009720359577507365,0.0009720359577507365,0.0,0.0,False
2012-03-28,-0.0034969770723224484,-0.0034969770723224484,-0.005196256957849812,0.0016992798855273638,0.0016992798855273638,0.0,0.0,False
2012-03-29,0.0012680971884892894,0.0012680971884892894,-0.0002731170500729183,0.0015412142385622077,0.0015412142385622077,0.0,0.0,False
2012-03-30,-0.0026720447028254295,-0.0026720447028254295,0.0009987760497843598,-0.0036708207526097896,-0.0036708207526097896,0.0,0.0,False
2012-04-02,0.005632650444570827,0.0055101867041549586,0.007075496275955628,-0.0015653095718006693,-0.0014428458313848012,0.1224637404158681,0.0001224637404158681,True
2012-04-03,-0.006431521966360169,-0.006431521966360169,-0.008523538428092283,0.002092016461732114,0.002092016461732114,0.0,0.0,False
2012-04-04,-0.0038405280546341108,-0.0038405280546341108,-0.00697212402465527,0.003131595970021159,0.003131595970021159,0.0,0.0,False
2012-04-05,0.0009876446393495488,0.0009876446393495488,0.0008030047947875532,0.00018463984456199554,0.00018463984456199554,0.0,0.0,False
2012-04-09,-0.0017617903946229867,-0.0017617903946229867,-0.0020532479870569477,0.000291457592433961,0.000291457592433961,0.0,0.0,False
2012-04-10,-0.007659550843125575,-0.007659550843125575,-0.009731061247950805,0.00207151040482523,0.00207151040482523,0.0,0.0,False
2012-04-11,0.0032390661097106152,0.0032390661097106152,0.004539929186861656,-0.001300863077151041,-0.001300863077151041,0.0,0.0,False
2012-04-12,0.005924778286095995,0.005924778286095995,0.009196889636519694,-0.003272111350423699,-0.003272111350423699,0.0,0.0,False
2012-04-13,-0.0031789541838756754,-0.0031789541838756754,-0.005720319000002301,0.0025413648161266254,0.0025413648161266254,0.0,0.0,False
2012-04-16,-9.104899591072643e-05,-9.104899591072643e-05,0.00030555260293844034,-0.00039660159884916677,-0.00039660159884916677,0.0,0.0,False
2012-04-17,0.0070013899809486056,0.0070013899809486056,0.008478008811188624,-0.001476618830240018,-0.001476618830240018,0.0,0.0,False
2012-04-18,-0.0015866679890190964,-0.0015866679890190964,-0.002073056721932351,0.00048638873291325453,0.00048638873291325453,0.0,0.0,False
2012-04-19,-0.002538706677419465,-0.002538706677419465,-0.003119949467584086,0.0005812427901646208,0.0005812427901646208,0.0,0.0,False
2012-04-20,0.001405895716265787,0.001405895716265787,0.002848593965503801,-0.001442698249238014,-0.001442698249238014,0.0,0.0,False
2012-04-23,-0.004167460880417444,-0.004167460880417444,-0.007175374034634717,0.0030079131542172727,0.0030079131542172727,0.0,0.0,False
2012-04-24,0.0011980871628786858,0.0011980871628786858,0.0016801532623454498,-0.000482066099466764,-0.000482066099466764,0.0,0.0,False
2012-04-25,0.0067787029325255856,0.0067787029325255856,0.007425691765333873,-0.0006469888328082879,-0.0006469888328082879,0.0,0.0,False
2012-04-26,0.00529147030378125,0.00529147030378125,0.005285857698295428,5.6126054858215285e-06,5.6126054858215285e-06,0.0,0.0,False
2012-04-27,0.00231169017280308,0.00231169017280308,0.002092679087476492,0.0002190110853265881,0.0002190110853265881,0.0,0.0,False
2012-04-30,-0.0027035848817257265,-0.0027035848817257265,-0.0026063988093878087,-9.718607233791775e-05,-9.718607233791775e-05,0.0,0.0,False
2012-05-01,0.0013934129267751136,0.0012883677082453845,0.0022833216316882287,-0.0009949539234428441,-0.0008899087049131151,0.105045218529729,0.00010504521852972902,True
2012-05-02,0.0006431514154240088,0.0006431514154240088,-0.0009048832521327778,0.0015480346675567865,0.0015480346675567865,0.0,0.0,False
2012-05-03,-0.004659729961515344,-0.004659729961515344,-0.005004971624436865,0.00034524166292152023,0.00034524166292152023,0.0,0.0,False
2012-05-04,-0.0071859499619293925,-0.0071859499619293925,-0.008451500505520536,0.0012655505435911433,0.0012655505435911433,0.0,0.0,False
2012-05-07,0.001002936170953937,0.001002936170953937,0.0019932883915249645,-0.0009903522205710275,-0.0009903522205710275,0.0,0.0,False
2012-05-08,-0.0002779945274540197,-0.0002779945274540197,-0.003975380981079583,0.003697386453625563,0.003697386453625563,0.0,0.0,False
2012-05-09,-0.00309683362416022,-0.00309683362416022,-0.005068152436657468,0.0019713188124972484,0.0019713188124972484,0.0,0.0,False
2012-05-10,0.00038666937915573,0.00038666937915573,0.001134781298472795,-0.0007481119193170649,-0.0007481119193170649,0.0,0.0,False
2012-05-11,0.0001913722047423576,0.0001913722047423576,-0.0016217294194171734,0.001813101624159531,0.001813101624159531,0.0,0.0,False
2012-05-14,-0.004553805184820307,-0.004553805184820307,-0.007250047297056162,0.002696242112235855,0.002696242112235855,0.0,0.0,False
2012-05-15,-0.0024739770809908035,-0.0024739770809908035,-0.004344452353051555,0.0018704752720607519,0.0018704752720607519,0.0,0.0,False
2012-05-16,-0.0020253099283410146,-0.0020253099283410146,-0.0038474813846065044,0.0018221714562654898,0.0018221714562654898,0.0,0.0,False
2012-05-17,-0.009247492798058282,-0.009247492798058282,-0.007922368430735145,-0.0013251243673231376,-0.0013251243673231376,0.0,0.0,False
2012-05-18,-0.005398864823882622,-0.005398864823882622,-0.005605284176460182,0.00020641935257756025,0.00020641935257756025,0.0,0.0,False
2012-05-21,0.008734483301159463,0.008734483301159463,0.01097765655496233,-0.002243173253802867,-0.002243173253802867,0.0,0.0,False
2012-05-22,-0.0015228940832449321,-0.0015228940832449321,-0.0027673088774977806,0.0012444147942528485,0.0012444147942528485,0.0,0.0,False
2012-05-23,0.0024111419594371494,0.0024111419594371494,-2.662395271365518e-05,0.0024377659121508047,0.0024377659121508047,0.0,0.0,False
2012-05-24,0.00045083680296685683,0.00045083680296685683,-0.0013519895492553043,0.0018028263522221612,0.0018028263522221612,0.0,0.0,False
2012-05-25,0.00019631107944751642,0.00019631107944751642,-0.000724895129273308,0.0009212062087208244,0.0009212062087208244,0.0,0.0,False
2012-05-29,0.0063544077227674165,0.0063544077227674165,0.008546315638497837,-0.00219190791573042,-0.00219190791573042,0.0,0.0,False
2012-05-30,-0.005044902977929295,-0.005044902977929295,-0.006677040044030802,0.0016321370661015067,0.0016321370661015067,0.0,0.0,False
2012-05-31,0.0018907574471088361,0.0018907574471088361,0.002847320061317469,-0.0009565626142086327,-0.0009565626142086327,0.0,0.0,False
2012-06-01,-0.00965311044875374,-0.009673551376569296,-0.011710605579772698,0.002037054203203402,0.0020574951310189573,0.020440927815554996,2.0440927815554997e-05,True
2012-06-04,-0.0039023383680194764,-0.0039023383680194764,-0.0013270229546700457,-0.002575315413349431,-0.002575315413349431,0.0,0.0,False
2012-06-05,0.003135490619647476,0.003135490619647476,0.0025382031484238858,0.0005972874712235903,0.0005972874712235903,0.0,0.0,False
2012-06-06,0.00909075807883377,0.00909075807883377,0.012216306461696184,-0.003125548382862414,-0.003125548382862414,0.0,0.0,False
2012-06-07,0.00034078961627830376,0.00034078961627830376,0.0015446676397473246,-0.0012038780234690208,-0.0012038780234690208,0.0,0.0,False
2012-06-08,0.005951692955588732,0.005951692955588732,0.002376700733198424,0.003574992222390308,0.003574992222390308,0.0,0.0,False
2012-06-11,-0.007201199907512373,-0.007201199907512373,-0.007135761442824653,-6.543846468771986e-05,-6.543846468771986e-05,0.0,0.0,False
2012-06-12,0.003845066022605712,0.003845066022605712,0.006703126901649419,-0.0028580608790437076,-0.0028580608790437076,0.0,0.0,False
2012-06-13,-0.0017863050928883888,-0.0017863050928883888,-0.0020285324700759265,0.00024222737718753774,0.00024222737718753774,0.0,0.0,False
2012-06-14,0.00446065166164759,0.00446065166164759,0.004813981831767149,-0.00035333017011955885,-0.00035333017011955885,0.0,0.0,False
2012-06-15,0.007792925389843671,0.007792925389843671,0.009549538531974999,-0.0017566131421313273,-0.0017566131421313273,0.0,0.0,False
2012-06-18,0.0006876009475207144,0.0006876009475207144,0.0005653020545713715,0.0001222988929493429,0.0001222988929493429,0.0,0.0,False
2012-06-19,0.004978419256627323,0.004978419256627323,0.006515270749824955,-0.0015368514931976317,-0.0015368514931976317,0.0,0.0,False
2012-06-20,-0.0011938006599008996,-0.0011938006599008996,-0.00011315128871683321,-0.0010806493711840665,-0.0010806493711840665,0.0,0.0,False
2012-06-21,-0.0108069165760292,-0.0108069165760292,-0.014934963526752196,0.004128046950722997,0.004128046950722997,0.0,0.0,False
2012-06-22,0.003165232142801695,0.003165232142801695,0.002877654025194753,0.0002875781176069421,0.0002875781176069421,0.0,0.0,False
2012-06-25,-0.0060671140415543764,-0.0060671140415543764,-0.008757837320335624,0.002690723278781247,0.002690723278781247,0.0,0.0,False
2012-06-26,0.0020669883658373336,0.0020669883658373336,0.003070203226446055,-0.0010032148606087215,-0.0010032148606087215,0.0,0.0,False
2012-06-27,0.006300470624416335,0.006300470624416335,0.006160921761887544,0.0001395488625287912,0.0001395488625287912,0.0,0.0,False
2012-06-28,-8.744627328553478e-05,-8.744627328553478e-05,-0.00011848789967355041,3.104162638801564e-05,3.104162638801564e-05,0.0,0.0,False
2012-06-29,0.011985078003949812,0.011985078003949812,0.017301368113661543,-0.005316290109711731,-0.005316290109711731,0.0,0.0,False
2012-07-02,0.0052090071043162135,0.005098081412977538,0.004712824221143963,0.00038525719183357503,0.0004961828831722501,0.11092569133867493,0.00011092569133867493,True
2012-07-03,0.0035267847045844796,0.0035267847045844796,0.005232043605736999,-0.0017052589011525197,-0.0017052589011525197,0.0,0.0,False
2012-07-05,-0.0004343308783786897,-0.0004343308783786897,-0.0038022117739178315,0.0033678808955391417,0.0033678808955391417,0.0,0.0,False
2012-07-06,-0.0034123627262770007,-0.0034123627262770007,-0.00509985652472031,0.0016874937984433088,0.0016874937984433088,0.0,0.0,False
2012-07-09,5.453019683267517e-05,5.453019683267517e-05,-0.00015025424524673958,0.00020478444207941475,0.00020478444207941475,0.0,0.0,False
2012-07-10,-0.004565916150189718,-0.004565916150189718,-0.0050872301016256045,0.0005213139514358865,0.0005213139514358865,0.0,0.0,False
2012-07-11,-0.0005263583212938602,-0.0005263583212938602,0.0009743916613532135,-0.0015007499826470737,-0.0015007499826470737,0.0,0.0,False
2012-07-12,-0.000600811324176823,-0.000600811324176823,-0.0031233388722907663,0.0025225275481139432,0.0025225275481139432,0.0,0.0,False
2012-07-13,0.007373027245447831,0.007373027245447831,0.009298313439344896,-0.001925286193897065,-0.001925286193897065,0.0,0.0,False
2012-07-16,-0.00022295963384011581,-0.00022295963384011581,-5.848686882706285e-05,-0.00016447276501305297,-0.00016447276501305297,0.0,0.0,False
2012-07-17,0.0019974657146149158,0.0019974657146149158,0.003013323653999942,-0.0010158579393850261,-0.0010158579393850261,0.0,0.0,False
2012-07-18,0.004683791323394488,0.004683791323394488,0.00450022880389178,0.00018356251950270817,0.00018356251950270817,0.0,0.0,False
2012-07-19,0.00016373103784053883,0.00016373103784053883,0.0027364830406911805,-0.002572752002850642,-0.002572752002850642,0.0,0.0,False
2012-07-20,-0.003603793040103203,-0.003603793040103203,-0.00681259042726316,0.003208797387159957,0.003208797387159957,0.0,0.0,False
2012-07-23,-0.005783180651788813,-0.005783180651788813,-0.009262599674427937,0.003479419022639124,0.003479419022639124,0.0,0.0,False
2012-07-24,-0.003966439945949849,-0.003966439945949849,-0.0041361955500067975,0.0001697556040569483,0.0001697556040569483,0.0,0.0,False
2012-07-25,0.0008874401208485932,0.0008874401208485932,0.0019397607282866383,-0.001052320607438045,-0.001052320607438045,0.0,0.0,False
2012-07-26,0.00606260796418823,0.00606260796418823,0.011028473084277051,-0.004965865120088821,-0.004965865120088821,0.0,0.0,False
2012-07-27,0.006583927261452629,0.006583927261452629,0.009334291474168265,-0.002750364212715636,-0.002750364212715636,0.0,0.0,False
2012-07-30,0.0010106837397822937,0.0010106837397822937,0.00048545506915665814,0.0005252286706256355,0.0005252286706256355,0.0,0.0,False
2012-07-31,-0.002369127609049608,-0.002369127609049608,-0.0026766657253715805,0.00030753811632197245,0.00030753811632197245,0.0,0.0,False
2012-08-01,-0.004218935198966647,-0.004223021001738851,-0.0020227321187618053,-0.0022002888829770455,-0.0021962030802048418,0.004085802772203598,4.085802772203598e-06,True
2012-08-02,-0.0020254088365428496,-0.0020254088365428496,-0.004675505194481946,0.0026500963579390966,0.0026500963579390966,0.0,0.0,False
2012-08-03,0.008254030823514776,0.008254030823514776,0.013054042248831138,-0.004800011425316362,-0.004800011425316362,0.0,0.0,False
2012-08-06,0.0022727464108844323,0.0022727464108844323,0.0030237659669938,-0.0007510195561093677,-0.0007510195561093677,0.0,0.0,False
2012-08-07,0.0005453339337536175,0.0005453339337536175,0.001085546160542087,-0.0005402122267884695,-0.0005402122267884695,0.0,0.0,False
2012-08-08,-0.0006972548309434905,-0.0006972548309434905,-0.0005416283907459713,-0.00015562644019751913,-0.00015562644019751913,0.0,0.0,False
2012-08-09,0.0006737610870439406,0.0006737610870439406,0.0007404067617001359,-6.664567465619533e-05,-6.664567465619533e-05,0.0,0.0,False
2012-08-10,0.0014577312606917337,0.0014577312606917337,0.0022871929228567463,-0.0008294616621650126,-0.0008294616621650126,0.0,0.0,False
2012-08-13,-0.0009554637511757548,-0.0009554637511757548,-0.002394315465371128,0.0014388517141953733,0.0014388517141953733,0.0,0.0,False
2012-08-14,-0.002668756100152898,-0.002668756100152898,-0.0020201103857583145,-0.0006486457143945836,-0.0006486457143945836,0.0,0.0,False
2012-08-15,-0.0006782544267425986,-0.0006782544267425986,-0.002146693299131202,0.0014684388723886033,0.0014684388723886033,0.0,0.0,False
2012-08-16,0.002977135659110446,0.002977135659110446,0.004327422859557323,-0.001350287200446877,-0.001350287200446877,0.0,0.0,False
2012-08-17,0.002179217266240174,0.002179217266240174,0.0011293583302839725,0.0010498589359562013,0.0010498589359562013,0.0,0.0,False
2012-08-20,0.00028053196958799294,0.00028053196958799294,0.00028818426274700756,-7.652293159014615e-06,-7.652293159014615e-06,0.0,0.0,False
2012-08-21,-0.000647005407635442,-0.000647005407635442,0.000394934577842292,-0.0010419399854777341,-0.0010419399854777341,0.0,0.0,False
2012-08-22,0.002892402193414718,0.002892402193414718,0.0028625161401473,2.9886053267418056e-05,2.9886053267418056e-05,0.0,0.0,False
2012-08-23,-0.0032868574333849957,-0.0032868574333849957,-0.004014038450684106,0.00072718101729911,0.00072718101729911,0.0,0.0,False
2012-08-24,0.002566287092623458,0.002566287092623458,0.0017807858798944308,0.0007855012127290272,0.0007855012127290272,0.0,0.0,False
2012-08-27,0.0016057742070264471,0.0016057742070264471,0.00023884664792182635,0.0013669275591046207,0.0013669275591046207,0.0,0.0,False
2012-08-28,0.0006845646292737596,0.0006845646292737596,-2.3061956026681108e-05,0.0007076265853004408,0.0007076265853004408,0.0,0.0,False
2012-08-29,0.0002209320651652015,0.0002209320651652015,-0.0012014442360106215,0.001422376301175823,0.001422376301175823,0.0,0.0,False
2012-08-30,-0.00341291523271532,-0.00341291523271532,-0.005491046754438418,0.0020781315217230983,0.0020781315217230983,0.0,0.0,False
2012-08-31,0.005565444911323595,0.005565444911323595,0.006921322943574455,-0.0013558780322508604,-0.0013558780322508604,0.0,0.0,False
2012-09-04,0.000373048527353054,0.00014303585690721342,-0.001844622999131057,0.0019876588560382704,0.0022176715264841107,0.23001267044584056,0.00023001267044584056,True
2012-09-05,-0.00029163331425881474,-0.00029163331425881474,-0.001408092263055482,0.0011164589487966674,0.0011164589487966674,0.0,0.0,False
2012-09-06,0.007050367682163564,0.007050367682163564,0.010075151133250724,-0.0030247834510871603,-0.0030247834510871603,0.0,0.0,False
2012-09-07,0.0032683213117912563,0.0032683213117912563,0.006507955494264072,-0.0032396341824728154,-0.0032396341824728154,0.0,0.0,False
2012-09-10,-0.00261613612130044,-0.00261613612130044,-0.0042678864119337166,0.0016517502906332766,0.0016517502906332766,0.0,0.0,False
2012-09-11,0.0012107431682277787,0.0012107431682277787,0.0033483651009827637,-0.002137621932754985,-0.002137621932754985,0.0,0.0,False
2012-09-12,0.0003526407629273235,0.0003526407629273235,0.0008727696620375773,-0.0005201288991102538,-0.0005201288991102538,0.0,0.0,False
2012-09-13,0.00952072492796716,0.00952072492796716,0.011568812126811956,-0.002048087198844797,-0.002048087198844797,0.0,0.0,False
2012-09-14,-0.0008262252150121324,-0.0008262252150121324,0.0006553664756379417,-0.001481591690650074,-0.001481591690650074,0.0,0.0,False
2012-09-17,-0.00022607882611277514,-0.00022607882611277514,-0.0018049177060045992,0.001578838879891824,0.001578838879891824,0.0,0.0,False
2012-09-18,0.0006819624079892305,0.0006819624079892305,0.00014350016564616914,0.0005384622423430614,0.0005384622423430614,0.0,0.0,False
2012-09-19,0.0009382658890603759,0.0009382658890603759,0.001723370546842131,-0.0007851046577817551,-0.0007851046577817551,0.0,0.0,False
2012-09-20,-0.0008191973603758737,-0.0008191973603758737,-0.001719046755148213,0.0008998493947723393,0.0008998493947723393,0.0,0.0,False
2012-09-21,0.0013243715172192231,0.0013243715172192231,0.0011269627794028084,0.00019740873781641478,0.00019740873781641478,0.0,0.0,False
2012-09-24,-6.289134240062969e-05,-6.289134240062969e-05,-0.00025204791381175135,0.00018915657141112166,0.00018915657141112166,0.0,0.0,False
2012-09-25,-0.004624861395973035,-0.004624861395973035,-0.005113868703258074,0.0004890073072850391,0.0004890073072850391,0.0,0.0,False
2012-09-26,-0.001200314527288554,-0.001200314527288554,-0.0022948124916822785,0.0010944979643937244,0.0010944979643937244,0.0,0.0,False
2012-09-27,0.00434742433958694,0.00434742433958694,0.006006155142179593,-0.0016587308025926527,-0.0016587308025926527,0.0,0.0,False
2012-09-28,-0.0019480903712680141,-0.0019480903712680141,-0.005067497280329725,0.0031194069090617112,0.0031194069090617112,0.0,0.0,False
2012-10-01,0.0008842717968259088,0.0005842717971086659,0.004125593897281121,-0.0035413221001724554,-0.0032413221004552123,0.29999999971724295,0.0002999999997172429,True
2012-10-02,0.001971507831045563,0.001971507831045563,0.0009956110631127969,0.0009758967679327662,0.0009758967679327662,0.0,0.0,False
2012-10-03,0.0018307290722889863,0.0018307290722889863,0.00010292823755925879,0.0017278008347297274,0.0017278008347297274,0.0,0.0,False
2012-10-04,0.004187087620669655,0.004187087620669655,0.0038260032538549077,0.00036108436681474764,0.00036108436681474764,0.0,0.0,False
2012-10-05,-0.00044993746921284856,-0.00044993746921284856,-0.0016073326800501136,0.001157395210837265,0.001157395210837265,0.0,0.0,False
2012-10-08,-0.0021219701518479244,-0.0021219701518479244,-0.001694625270533131,-0.00042734488131479335,-0.00042734488131479335,0.0,0.0,False
2012-10-09,-0.005946464399983456,-0.005946464399983456,-0.006840493388941851,0.000894028988958395,0.000894028988958395,0.0,0.0,False
2012-10-10,-0.002186108240042136,-0.002186108240042136,-0.0019275465497905772,-0.00025856169025155864,-0.00025856169025155864,0.0,0.0,False
2012-10-11,0.0024093785826239653,0.0024093785826239653,0.003259796961031847,-0.0008504183784078818,-0.0008504183784078818,0.0,0.0,False
2012-10-12,-0.002120729569368645,-0.002120729569368645,-0.0015485142556704128,-0.0005722153136982324,-0.0005722153136982324,0.0,0.0,False
2012-10-15,0.0060763516048490725,0.0060763516048490725,0.005274886559445977,0.0008014650454030957,0.0008014650454030957,0.0,0.0,False
2012-10-16,0.005843889595724816,0.005843889595724816,0.005216472864721265,0.0006274167310035515,0.0006274167310035515,0.0,0.0,False
2012-10-17,0.0027101265102850852,0.0027101265102850852,0.0020400271314677037,0.0006700993788173815,0.0006700993788173815,0.0,0.0,False
2012-10-18,-0.0011921829346854716,-0.0011921829346854716,-0.0028538567388732713,0.0016616738041877997,0.0016616738041877997,0.0,0.0,False
2012-10-19,-0.010330385328780816,-0.010330385328780816,-0.007917046689075594,-0.002413338639705222,-0.002413338639705222,0.0,0.0,False
2012-10-22,-0.0009281329520670672,-0.0009281329520670672,0.0007351762875898095,-0.0016633092396568768,-0.0016633092396568768,0.0,0.0,False
2012-10-23,-0.0070037553585314055,-0.0070037553585314055,-0.007877248380778757,0.0008734930222473519,0.0008734930222473519,0.0,0.0,False
2012-10-24,-0.002177152076007868,-0.002177152076007868,-0.002118636424155766,-5.851565185210168e-05,-5.851565185210168e-05,0.0,0.0,False
2012-10-25,0.001072467486630974,0.001072467486630974,0.0016586620955039379,-0.0005861946088729639,-0.0005861946088729639,0.0,0.0,False
2012-10-26,-0.0012576202038277252,-0.0012576202038277252,0.001323508501571668,-0.0025811287053993932,-0.0025811287053993932,0.0,0.0,False
2012-10-31,0.002724765283996947,0.002724765283996947,0.0016173343829703189,0.0011074309010266283,0.0011074309010266283,0.0,0.0,False
2012-11-01,0.004440301298262688,0.004237289090409058,0.005592906422870003,-0.001355617332460945,-0.001152605124607315,0.20301220785362978,0.0002030122078536298,True
2012-11-02,-0.005077128968822996,-0.005077128968822996,-0.0056128960664454915,0.0005357670976224955,0.0005357670976224955,0.0,0.0,False
2012-11-05,0.00161636202290301,0.00161636202290301,0.0019039390421412596,-0.00028757701923824946,-0.00028757701923824946,0.0,0.0,False
2012-11-06,0.002432122234469359,0.002432122234469359,0.0028547768298875717,-0.00042265459541821274,-0.00042265459541821274,0.0,0.0,False
2012-11-07,-0.01006120067743618,-0.01006120067743618,-0.009131536450366058,-0.0009296642270701216,-0.0009296642270701216,0.0,0.0,False
2012-11-08,-0.006803447148070175,-0.006803447148070175,-0.005399124779016761,-0.001404322369053414,-0.001404322369053414,0.0,0.0,False
2012-11-09,-0.0001351728486423345,-0.0001351728486423345,0.00032193976517761824,-0.00045711261381995274,-0.00045711261381995274,0.0,0.0,False
2012-11-12,-0.00022549305752786477,-0.00022549305752786477,0.0005903966429462869,-0.0008158897004741516,-0.0008158897004741516,0.0,0.0,False
2012-11-13,-0.0017986173556296513,-0.0017986173556296513,-0.0024710986068225598,0.0006724812511929084,0.0006724812511929084,0.0,0.0,False
2012-11-14,-0.008805492764113635,-0.008805492764113635,-0.007590134339891405,-0.00121535842422223,-0.00121535842422223,0.0,0.0,False
2012-11-15,-0.002299193688052336,-0.002299193688052336,-0.00041125246499048516,-0.001887941223061851,-0.001887941223061851,0.0,0.0,False
2012-11-16,0.003717494513736533,0.003717494513736533,0.0021980937972047726,0.0015194007165317603,0.0015194007165317603,0.0,0.0,False
2012-11-19,0.011536910918649414,0.011536910918649414,0.011719189621875237,-0.00018227870322582232,-0.00018227870322582232,0.0,0.0,False
2012-11-20,-0.0003166904106580942,-0.0003166904106580942,-0.0015755295850353546,0.0012588391743772603,0.0012588391743772603,0.0,0.0,False
2012-11-21,0.0011160572910631449,0.0011160572910631449,0.0006557728154933133,0.0004602844755698316,0.0004602844755698316,0.0,0.0,False
2012-11-23,0.006934925375785369,0.006934925375785369,0.009325831177337453,-0.0023909058015520847,-0.0023909058015520847,0.0,0.0,False
2012-11-26,0.000598456877837393,0.000598456877837393,-2.4111825150517304e-05,0.0006225687029879103,0.0006225687029879103,0.0,0.0,False
2012-11-27,-0.0019611884915013123,-0.0019611884915013123,-0.002441096365432132,0.00047990787393081954,0.00047990787393081954,0.0,0.0,False
2012-11-28,0.004166783588772921,0.004166783588772921,0.00462664485696961,-0.0004598612681966886,-0.0004598612681966886,0.0,0.0,False
2012-11-29,0.004241281670452286,0.004241281670452286,0.004316206627683197,-7.49249572309105e-05,-7.49249572309105e-05,0.0,0.0,False
2012-11-30,-7.03783682696001e-05,-7.03783682696001e-05,-7.327337557534936e-05,2.895007305749259e-06,2.895007305749259e-06,0.0,0.0,False
2012-12-03,-0.0007402643229924982,-0.0010384716057623023,-0.0012560851137884575,0.00021761350802615518,0.0005158207907959593,0.29820728276980407,0.0002982072827698041,True
2012-12-04,6.657314030478624e-06,6.657314030478624e-06,0.0010829483975490833,-0.0010762910835186046,-0.0010762910835186046,0.0,0.0,False
2012-12-05,0.0013954156130622799,0.0013954156130622799,0.0022113605855288423,-0.0008159449724665624,-0.0008159449724665624,0.0,0.0,False
2012-12-06,0.0016364501999902585,0.0016364501999902585,0.002347035248008699,-0.0007105850480184405,-0.0007105850480184405,0.0,0.0,False
2012-12-07,0.00010747379191566213,0.00010747379191566213,-8.366216960234603e-05,0.00019113596151800816,0.00019113596151800816,0.0,0.0,False
2012-12-10,0.0012484762160101606,0.0012484762160101606,0.0016171123645788857,-0.0003686361485687251,-0.0003686361485687251,0.0,0.0,False
2012-12-11,0.0028204068205351252,0.0028204068205351252,0.002637310751947565,0.00018309606858756032,0.00018309606858756032,0.0,0.0,False
2012-12-12,-0.001288150139773082,-0.001288150139773082,-0.0012075603963570976,-8.058974341598442e-05,-8.058974341598442e-05,0.0,0.0,False
2012-12-13,-0.004194365038474452,-0.004194365038474452,-0.0036551410571138265,-0.0005392239813606257,-0.0005392239813606257,0.0,0.0,False
2012-12-14,-0.0012498364291512127,-0.0012498364291512127,0.0007696114612105122,-0.002019447890361725,-0.002019447890361725,0.0,0.0,False
2012-12-17,0.005695532254080128,0.005695532254080128,0.0028356287441836845,0.0028599035098964437,0.0028599035098964437,0.0,0.0,False
2012-12-18,0.005213151481440067,0.005213151481440067,0.004720372109643373,0.0004927793717966937,0.0004927793717966937,0.0,0.0,False
2012-12-19,-0.0011135499183052315,-0.0011135499183052315,-0.0006383652357682797,-0.0004751846825369518,-0.0004751846825369518,0.0,0.0,False
2012-12-20,0.0036626883553399184,0.0036626883553399184,0.003922050408558881,-0.0002593620532189626,-0.0002593620532189626,0.0,0.0,False
2012-12-21,-0.0036738033257826728,-0.0036738033257826728,-0.003781948592946906,0.00010814526716423304,0.00010814526716423304,0.0,0.0,False
2012-12-24,-0.0026031119918948353,-0.0026031119918948353,-0.0021811728113825587,-0.00042193918051227665,-0.00042193918051227665,0.0,0.0,False
2012-12-26,-0.0017192220171345445,-0.0017192220171345445,-0.0005571581958235292,-0.0011620638213110154,-0.0011620638213110154,0.0,0.0,False
2012-12-27,0.0008479896533154151,0.0008479896533154151,0.001898689134017726,-0.0010506994807023108,-0.0010506994807023108,0.0,0.0,False
2012-12-28,-0.004483466036893409,-0.004483466036893409,-0.003764947484564813,-0.0007185185523285956,-0.0007185185523285956,0.0,0.0,False
2012-12-31,0.007995456490156521,0.007995456490156521,0.00731542120788888,0.0006800352822676414,0.0006800352822676414,0.0,0.0,False
2013-01-02,0.013516538007904142,0.01336190184598949,0.012209976682508849,0.0011519251634806403,0.0013065613253952935,0.15463616191465357,0.00015463616191465357,True
2013-01-03,-0.004601465324545341,-0.004601465324545341,-0.005455945630987609,0.0008544803064422677,0.0008544803064422677,0.0,0.0,False
2013-01-04,0.0022407164168454213,0.0022407164168454213,0.002884636911961965,-0.0006439204951165438,-0.0006439204951165438,0.0,0.0,False
2013-01-07,-0.0009253076319457342,-0.0009253076319457342,-0.0020645417624902654,0.0011392341305445312,0.0011392341305445312,0.0,0.0,False
2013-01-08,-0.001653812445028548,-0.001653812445028548,-0.0017114942315592685,5.768178653072051e-05,5.768178653072051e-05,0.0,0.0,False
2013-01-09,0.0018325445233068603,0.0018325445233068603,0.002225859399875768,-0.0003933148765689078,-0.0003933148765689078,0.0,0.0,False
2013-01-10,0.005153667813744713,0.005153667813744713,0.004690817843436777,0.000462849970307936,0.000462849970307936,0.0,0.0,False
2013-01-11,0.001183256976725787,0.001183256976725787,0.0007401046844488383,0.00044315229227694867,0.00044315229227694867,0.0,0.0,False
2013-01-14,-0.000948402315615536,-0.000948402315615536,-7.505333861846942e-05,-0.0008733489769970665,-0.0008733489769970665,0.0,0.0,False
2013-01-15,-0.00024466617425334953,-0.00024466617425334953,0.0003521732530993931,-0.0005968394273527427,-0.0005968394273527427,0.0,0.0,False
2013-01-16,-0.0010290713715240896,-0.0010290713715240896,-0.0006524926717537522,-0.0003765786997703374,-0.0003765786997703374,0.0,0.0,False
2013-01-17,0.0034632770481670986,0.0034632770481670986,0.0025841269650549014,0.0008791500831121972,0.0008791500831121972,0.0,0.0,False
2013-01-18,0.001187415733253035,0.001187415733253035,0.001966142103684393,-0.0007787263704313579,-0.0007787263704313579,0.0,0.0,False
2013-01-22,0.0021012602224679618,0.0021012602224679618,0.0022092462467571523,-0.00010798602428919047,-0.00010798602428919047,0.0,0.0,False
2013-01-23,0.0006743949361097842,0.0006743949361097842,-0.00011142541556185214,0.0007858203516716364,0.0007858203516716364,0.0,0.0,False
2013-01-24,0.0006678098067429577,0.0006678098067429577,-8.310312283484186e-05,0.0007509129295777996,0.0007509129295777996,0.0,0.0,False
2013-01-25,0.0020408125863468772,0.0020408125863468772,0.000783438884972142,0.0012573737013747352,0.0012573737013747352,0.0,0.0,False
2013-01-28,-0.0015386824590361392,-0.0015386824590361392,-0.0024672831910477057,0.0009286007320115665,0.0009286007320115665,0.0,0.0,False
2013-01-29,0.0014337209958551443,0.0014337209958551443,0.0024869724048540457,-0.0010532514089989014,-0.0010532514089989014,0.0,0.0,False
2013-01-30,-0.0034561307739172176,-0.0034561307739172176,-0.002611559358141367,-0.0008445714157758505,-0.0008445714157758505,0.0,0.0,False
2013-01-31,-0.001660386175991781,-0.001660386175991781,-0.0002760646513290469,-0.0013843215246627343,-0.0013843215246627343,0.0,0.0,False
2013-02-01,0.00392130392423474,0.0037104180404820843,0.0036602430056504984,5.0175034831585925e-05,0.0002610609185842417,0.2108858837526557,0.0002108858837526557,True
2013-02-04,-0.007475580678404082,-0.007475580678404082,-0.005762148943338644,-0.0017134317350654378,-0.0017134317350654378,0.0,0.0,False
2013-02-05,0.002757756737577162,0.002757756737577162,0.002814583204445318,-5.682646686815595e-05,-5.682646686815595e-05,0.0,0.0,False
2013-02-06,0.0007373392962072306,0.0007373392962072306,0.001693193066672624,-0.0009558537704653934,-0.0009558537704653934,0.0,0.0,False
2013-02-07,-0.0032213994081977844,-0.0032213994081977844,-0.00263102546908412,-0.0005903739391136644,-0.0005903739391136644,0.0,0.0,False
2013-02-08,0.0038468772808105066,0.0038468772808105066,0.004377218492269648,-0.0005303412114591416,-0.0005303412114591416,0.0,0.0,False
2013-02-11,-0.0005784641400431275,-0.0005784641400431275,-0.0006329053670580203,5.4441227014892794e-05,5.4441227014892794e-05,0.0,0.0,False
2013-02-12,0.002134189534124276,0.002134189534124276,0.0012462178976110788,0.0008879716365131972,0.0008879716365131972,0.0,0.0,False
2013-02-13,0.00036227853460358086,0.00036227853460358086,-0.00013031034455146084,0.0004925888791550417,0.0004925888791550417,0.0,0.0,False
2013-02-14,-0.0008505410745863847,-0.0008505410745863847,0.0012578506266410269,-0.0021083917012274115,-0.0021083917012274115,0.0,0.0,False
2013-02-15,-0.0011997103484968682,-0.0011997103484968682,-0.0014756278006789933,0.00027591745218212517,0.00027591745218212517,0.0,0.0,False
2013-02-19,0.005291707691308287,0.005291707691308287,0.004070868819943579,0.001220838871364708,0.001220838871364708,0.0,0.0,False
2013-02-20,-0.004884982681391228,-0.004884982681391228,-0.00625594198224104,0.0013709593008498127,0.0013709593008498127,0.0,0.0,False
2013-02-21,-0.005420208490367646,-0.005420208490367646,-0.004993039262783934,-0.0004271692275837121,-0.0004271692275837121,0.0,0.0,False
2013-02-22,0.0070366125860448405,0.0070366125860448405,0.0064879907044562615,0.000548621881588579,0.000548621881588579,0.0,0.0,False
2013-02-25,-0.009560706174974624,-0.009560706174974624,-0.008330444804017782,-0.0012302613709568415,-0.0012302613709568415,0.0,0.0,False
2013-02-26,0.004080690219858414,0.004080690219858414,0.0031054794927906507,0.0009752107270677634,0.0009752107270677634,0.0,0.0,False
2013-02-27,0.006386388504651281,0.006386388504651281,0.006948976191843327,-0.0005625876871920461,-0.0005625876871920461,0.0,0.0,False
2013-02-28,-0.0006017743783865877,-0.0006017743783865877,-0.0006803426611700946,7.85682827835069e-05,7.85682827835069e-05,0.0,0.0,False
2013-03-01,0.0008118122386173127,0.0006074280485207908,0.0022520338155872345,-0.0016446057670664437,-0.0014402215769699217,0.20438419009652195,0.00020438419009652194,True
2013-03-04,0.0022274958365845333,0.0022274958365845333,0.000583132345794274,0.0016443634907902594,0.0016443634907902594,0.0,0.0,False
2013-03-05,0.005287036962753154,0.005287036962753154,0.005380046990509379,-9.301002775622454e-05,-9.301002775622454e-05,0.0,0.0,False
2013-03-06,0.00044369306906701924,0.00044369306906701924,-0.00010385968788292595,0.0005475527569499452,0.0005475527569499452,0.0,0.0,False
2013-03-07,0.0013237020423279813,0.0013237020423279813,-0.0001206285972768576,0.0014443306396048389,0.0014443306396048389,0.0,0.0,False
2013-03-08,0.001307570448022807,0.001307570448022807,0.0009425047582549522,0.00036506568976785484,0.00036506568976785484,0.0,0.0,False
2013-03-11,0.0015240670965781333,0.0015240670965781333,0.0012873212811131364,0.00023674581546499697,0.00023674581546499697,0.0,0.0,False
2013-03-12,-0.0019739023126278247,-0.0019739023126278247,-0.001519011347606812,-0.00045489096502101265,-0.00045489096502101265,0.0,0.0,False
2013-03-13,-0.0003818494992410409,-0.0003818494992410409,-0.0009004513896386433,0.0005186018903976025,0.0005186018903976025,0.0,0.0,False
2013-03-14,0.005657603615362612,0.005657603615362612,0.0040119208678628514,0.0016456827474997607,0.0016456827474997607,0.0,0.0,False
2013-03-15,0.0006684795500456228,0.0006684795500456228,8.835303096076694e-05,0.0005801265190848559,0.0005801265190848559,0.0,0.0,False
2013-03-18,-0.004311588594156679,-0.004311588594156679,-0.0033789937014463874,-0.0009325948927102912,-0.0009325948927102912,0.0,0.0,False
2013-03-19,-0.0017662426858814678,-0.0017662426858814678,-0.0008862541729627039,-0.0008799885129187639,-0.0008799885129187639,0.0,0.0,False
2013-03-20,0.003917429995426286,0.003917429995426286,0.0023346587673789125,0.0015827712280473733,0.0015827712280473733,0.0,0.0,False
2013-03-21,-0.004980525958505552,-0.004980525958505552,-0.0042986821178965405,-0.0006818438406090118,-0.0006818438406090118,0.0,0.0,False
2013-03-22,0.004009773312649005,0.004009773312649005,0.004409558267591191,-0.0003997849549421855,-0.0003997849549421855,0.0,0.0,False
2013-03-25,-0.005541832039587865,-0.005541832039587865,-0.0031265955742800482,-0.002415236465307817,-0.002415236465307817,0.0,0.0,False
2013-03-26,0.004158363794898247,0.004158363794898247,0.005300579927708246,-0.0011422161328099988,-0.0011422161328099988,0.0,0.0,False
2013-03-27,-0.0017945835841177496,-0.0017945835841177496,0.0014462929764318972,-0.003240876560549647,-0.003240876560549647,0.0,0.0,False
2013-03-28,0.0026807140305352985,0.0026807140305352985,0.0012184307115035726,0.001462283319031726,0.001462283319031726,0.0,0.0,False
2013-04-01,-0.004837333076759291,-0.0048409259290515825,-0.0042518478544184835,-0.000589078074633099,-0.0005854852223408074,0.003592852292291541,3.592852292291541e-06,True
2013-04-02,0.004143175065897959,0.004143175065897959,0.0021916626457603758,0.001951512420137583,0.001951512420137583,0.0,0.0,False
2013-04-03,-0.002661538305183726,-0.002661538305183726,-0.0038337968398366087,0.0011722585346528825,0.0011722585346528825,0.0,0.0,False
2013-04-04,0.004377362984169195,0.004377362984169195,0.004899568329205673,-0.0005222053450364781,-0.0005222053450364781,0.0,0.0,False
2013-04-05,-0.0014705928902325693,-0.0014705928902325693,-0.0002237044995105149,-0.0012468883907220544,-0.0012468883907220544,0.0,0.0,False
2013-04-08,0.0028926089529820653,0.0028926089529820653,0.002249504312221204,0.0006431046407608613,0.0006431046407608613,0.0,0.0,False
2013-04-09,0.003024807280372783,0.003024807280372783,0.0024787368922212028,0.0005460703881515804,0.0005460703881515804,0.0,0.0,False
2013-04-10,0.007726009669942786,0.007726009669942786,0.005762320278955575,0.0019636893909872107,0.0019636893909872107,0.0,0.0,False
2013-04-11,0.0033268210816159898,0.0033268210816159898,0.00275019379048498,0.0005766272911310096,0.0005766272911310096,0.0,0.0,False
2013-04-12,-0.00039217157855214903,-0.00039217157855214903,-0.00021243283344169698,-0.00017973874511045205,-0.00017973874511045205,0.0,0.0,False
2013-04-15,-0.012580483573213352,-0.012580483573213352,-0.013221759888541844,0.0006412763153284921,0.0006412763153284921,0.0,0.0,False
2013-04-16,0.009294525686987899,0.009294525686987899,0.00803932810405767,0.001255197582930228,0.001255197582930228,0.0,0.0,False
2013-04-17,-0.00981742937013723,-0.00981742937013723,-0.008978817970716722,-0.0008386113994205083,-0.0008386113994205083,0.0,0.0,False
2013-04-18,-0.0024227576302056084,-0.0024227576302056084,-0.002207966416932251,-0.0002147912132733575,-0.0002147912132733575,0.0,0.0,False
2013-04-19,0.004112042649310578,0.004112042649310578,0.005740135699308104,-0.0016280930499975258,-0.0016280930499975258,0.0,0.0,False
2013-04-22,0.003002086978793184,0.003002086978793184,0.002760069913793555,0.0002420170649996287,0.0002420170649996287,0.0,0.0,False
2013-04-23,0.008032130536275677,0.008032130536275677,0.006313204277851312,0.0017189262584243652,0.0017189262584243652,0.0,0.0,False
2013-04-24,0.0037899162807016372,0.0037899162807016372,0.0026143174529787106,0.0011755988277229266,0.0011755988277229266,0.0,0.0,False
2013-04-25,0.0033238339336276934,0.0033238339336276934,0.0026793927198581436,0.0006444412137695497,0.0006444412137695497,0.0,0.0,False
2013-04-26,0.00019400120331840363,0.00019400120331840363,7.61035424825309e-05,0.00011789766083587273,0.00011789766083587273,0.0,0.0,False
2013-04-29,0.006162205552957552,0.006162205552957552,0.0050651580587800825,0.0010970474941774692,0.0010970474941774692,0.0,0.0,False
2013-04-30,0.0016490402319502984,0.0016490402319502984,0.0023190827343190024,-0.000670042502368704,-0.000670042502368704,0.0,0.0,False
2013-05-01,-0.00882612860447031,-0.009126114737094394,-0.0039889242407374625,-0.005137190496356931,-0.004837204363732847,0.2999861326240844,0.00029998613262408443,True
2013-05-02,0.0084671936057697,0.0084671936057697,0.004736760630277236,0.0037304329754924634,0.0037304329754924634,0.0,0.0,False
2013-05-03,0.006017076623963419,0.006017076623963419,0.0022558183470299032,0.0037612582769335156,0.0037612582769335156,0.0,0.0,False
2013-05-06,0.002423022134096502,0.002423022134096502,0.0006328053985359587,0.0017902167355605433,0.0017902167355605433,0.0,0.0,False
2013-05-07,0.0029290950723971313,0.0029290950723971313,0.0023266458719191315,0.0006024492004779998,0.0006024492004779998,0.0,0.0,False
2013-05-08,0.0034928619304534928,0.0034928619304534928,0.004349048132531173,-0.0008561862020776802,-0.0008561862020776802,0.0,0.0,False
2013-05-09,-0.0032954558836063687,-0.0032954558836063687,-0.0037011537422305075,0.0004056978586241388,0.0004056978586241388,0.0,0.0,False
2013-05-10,0.0002516470534007468,0.0002516470534007468,-0.0016450672714035494,0.0018967143248042962,0.0018967143248042962,0.0,0.0,False
2013-05-13,-0.0019113247675803277,-0.0019113247675803277,-0.001882636568893004,-2.8688198687323776e-05,-2.8688198687323776e-05,0.0,0.0,False
2013-05-14,0.005533485881672538,0.005533485881672538,0.0028708441158650645,0.0026626417658074737,0.0026626417658074737,0.0,0.0,False
2013-05-15,0.002223539158387848,0.002223539158387848,0.003783135032555577,-0.001559595874167729,-0.001559595874167729,0.0,0.0,False
2013-05-16,-0.00037182970524977227,-0.00037182970524977227,-0.0008648067122952832,0.0004929770070455109,0.0004929770070455109,0.0,0.0,False
2013-05-17,0.004634554259840345,0.004634554259840345,0.0027280286435414905,0.001906525616298855,0.001906525616298855,0.0,0.0,False
2013-05-20,0.0009681473585306334,0.0009681473585306334,0.0007819295961229386,0.00018621776240769483,0.00018621776240769483,0.0,0.0,False
2013-05-21,0.0015779795524097694,0.0015779795524097694,0.001988094099399681,-0.00041011454698991153,-0.00041011454698991153,0.0,0.0,False
2013-05-22,-0.009389805577488433,-0.009389805577488433,-0.0090751379977312,-0.0003146675797572329,-0.0003146675797572329,0.0,0.0,False
2013-05-23,-0.0016314636606925158,-0.0016314636606925158,-0.00316588417253943,0.0015344205118469143,0.0015344205118469143,0.0,0.0,False
2013-05-24,-0.0013977165818290886,-0.0013977165818290886,-0.0023910803898281063,0.0009933638079990177,0.0009933638079990177,0.0,0.0,False
2013-05-28,0.0023542617926439126,0.0023542617926439126,-0.0014692922104406825,0.003823554003084595,0.003823554003084595,0.0,0.0,False
2013-05-29,-0.005800720419475049,-0.005800720419475049,-0.003950231763146551,-0.0018504886563284976,-0.0018504886563284976,0.0,0.0,False
2013-05-30,0.003713083145332748,0.003713083145332748,0.002179553540510879,0.0015335296048218689,0.0015335296048218689,0.0,0.0,False
2013-05-31,-0.011879262382500122,-0.011879262382500122,-0.011147665567650544,-0.0007315968148495777,-0.0007315968148495777,0.0,0.0,False
