date,information_date,execution_date,return_date,regime,tracking_error_budget,decision_turnover,decision_turnover_budget,execution_tracking_error,execution_violations,status,message,estimated_tracking_error
2011-01-03,2010-12-30,2010-12-31,2011-01-03,normal,0.08,0.08000000001558573,0.08,0.02280674315271309,,optimal,,0.02280674315271309
2011-02-01,2011-01-28,2011-01-31,2011-02-01,normal,0.08,0.08000000001532828,0.08,0.02293521357828285,,optimal,,0.02293521357828285
2011-03-01,2011-02-25,2011-02-28,2011-03-01,normal,0.08,0.08000000000275716,0.08,0.0175365083153314,,optimal,,0.0175365083153314
2011-04-01,2011-03-30,2011-03-31,2011-04-01,normal,0.08,0.08000000000214098,0.08,0.02382249738351575,,optimal,,0.02382249738351575
2011-05-02,2011-04-28,2011-04-29,2011-05-02,normal,0.08,0.08000000003335582,0.08,0.021449088007992455,,optimal,,0.021449088007992455
2011-06-01,2011-05-27,2011-05-31,2011-06-01,normal,0.08,0.08000000002005435,0.08,0.022038174547340198,,optimal,,0.022038174547340198
2011-07-01,2011-06-29,2011-06-30,2011-07-01,normal,0.08,0.08000000011562586,0.08,0.0309338223291412,,optimal,,0.0309338223291412
2011-08-01,2011-07-28,2011-07-29,2011-08-01,normal,0.08,0.0800000000987783,0.08,0.03230861436152488,,optimal,,0.03230861436152488
2011-09-01,2011-08-30,2011-08-31,2011-09-01,high,0.08,0.0800000000017454,0.08,0.03512699887868311,,optimal,,0.03512699887868311
2011-10-03,2011-09-29,2011-09-30,2011-10-03,high,0.08,0.07999999997878907,0.08,0.030938206333930806,,optimal,,0.030938206333930806
2011-11-01,2011-10-28,2011-10-31,2011-11-01,high,0.08,0.08000000006376254,0.08,0.029011013119464538,,optimal,,0.029011013119464538
2011-12-01,2011-11-29,2011-11-30,2011-12-01,high,0.08,0.0799999999906288,0.08,0.029442179572930046,,optimal,,0.029442179572930046
2012-01-03,2011-12-29,2011-12-30,2012-01-03,high,0.08,0.08000000003507013,0.08,0.03034807152384139,,optimal,,0.03034807152384139
2012-02-01,2012-01-30,2012-01-31,2012-02-01,normal,0.08,0.08000000004224615,0.08,0.029857650339502034,,optimal,,0.029857650339502034
2012-03-01,2012-02-28,2012-02-29,2012-03-01,normal,0.08,0.08000000001217744,0.08,0.03635689995638016,,optimal,,0.03635689995638016
2012-04-02,2012-03-29,2012-03-30,2012-04-02,normal,0.08,0.009761034036906733,0.08,0.03612976910473536,,optimal,,0.03612976910473536
2012-05-01,2012-04-27,2012-04-30,2012-05-01,normal,0.08,0.01172195896268892,0.08,0.0358025796185097,,optimal,,0.0358025796185097
2012-06-01,2012-05-30,2012-05-31,2012-06-01,normal,0.08,0.018877192702795625,0.08,0.035631270003246014,,optimal,,0.035631270003246014
2012-07-02,2012-06-28,2012-06-29,2012-07-02,normal,0.08,0.07999999994056839,0.08,0.03858225294442936,,optimal,,0.03858225294442936
2012-08-01,2012-07-30,2012-07-31,2012-08-01,normal,0.08,0.015453930730667616,0.08,0.039648053534934245,,optimal,,0.039648053534934245
2012-09-04,2012-08-30,2012-08-31,2012-09-04,normal,0.08,0.07999999969968839,0.08,0.0332089646288453,,optimal,,0.0332089646288453
2012-10-01,2012-09-27,2012-09-28,2012-10-01,normal,0.08,0.08000000003937527,0.08,0.026811094759085358,,optimal,,0.026811094759085358
2012-11-01,2012-10-26,2012-10-31,2012-11-01,normal,0.08,0.015490939104526091,0.08,0.02500718832679357,,optimal,,0.02500718832679357
2012-12-03,2012-11-29,2012-11-30,2012-12-03,normal,0.08,0.08000000000519325,0.08,0.024310582094924208,,optimal,,0.024310582094924208
2013-01-02,2012-12-28,2012-12-31,2013-01-02,normal,0.08,0.07999999997491697,0.08,0.023486739107685506,,optimal,,0.023486739107685506
2013-02-01,2013-01-30,2013-01-31,2013-02-01,normal,0.08,0.0800000000089959,0.08,0.018715168215309882,,optimal,,0.018715168215309882
2013-03-01,2013-02-27,2013-02-28,2013-03-01,normal,0.08,0.07999999999615767,0.08,0.020672130605301247,,optimal,,0.020672130605301247
2013-04-01,2013-03-27,2013-03-28,2013-04-01,normal,0.08,0.08000000002444982,0.08,0.017728624437540686,,optimal,,0.017728624437540686
2013-05-01,2013-04-29,2013-04-30,2013-05-01,normal,0.08,0.0799999999984881,0.08,0.021264672330034515,,optimal,,0.021264672330034515
2013-06-03,2013-05-30,2013-05-31,2013-06-03,normal,0.08,0.08000000000048448,0.08,0.01743902680885551,,optimal,,0.01743902680885551
2013-07-01,2013-06-27,2013-06-28,2013-07-01,normal,0.08,0.07999999984086047,0.08,0.016676772739332865,,optimal,,0.016676772739332865
2013-08-01,2013-07-30,2013-07-31,2013-08-01,normal,0.08,0.011691017901966944,0.08,0.017711698013160204,,optimal,,0.017711698013160204
2013-09-03,2013-08-29,2013-08-30,2013-09-03,normal,0.08,0.07999999994267004,0.08,0.022326299157356413,,optimal,,0.022326299157356413
2013-10-01,2013-09-27,2013-09-30,2013-10-01,normal,0.08,0.07999999969273386,0.08,0.023011058748037484,,optimal,,0.023011058748037484
2013-11-01,2013-10-30,2013-10-31,2013-11-01,normal,0.08,0.07999999997164563,0.08,0.024211953721786163,,optimal,,0.024211953721786163
2013-12-02,2013-11-27,2013-11-29,2013-12-02,normal,0.08,0.07999999999473148,0.08,0.028630617171220427,,optimal,,0.028630617171220427
2014-01-02,2013-12-30,2013-12-31,2014-01-02,normal,0.08,0.07999999997604222,0.08,0.030389727208065206,,optimal,,0.030389727208065206
2014-02-03,2014-01-30,2014-01-31,2014-02-03,normal,0.08,0.07999999991668857,0.08,0.03204741779098969,,optimal,,0.03204741779098969
2014-03-03,2014-02-27,2014-02-28,2014-03-03,normal,0.08,0.07766730285229685,0.08,0.029874498009467832,,optimal,,0.029874498009467832
2014-04-01,2014-03-28,2014-03-31,2014-04-01,normal,0.08,0.07999999991286738,0.08,0.03691870039389094,,optimal,,0.03691870039389094
2014-05-01,2014-04-29,2014-04-30,2014-05-01,normal,0.08,0.07999999959215164,0.08,0.044509314541968055,,optimal,,0.044509314541968055
2014-06-02,2014-05-29,2014-05-30,2014-06-02,normal,0.08,0.07999999999526969,0.08,0.03553776247525122,,optimal,,0.03553776247525122
2014-07-01,2014-06-27,2014-06-30,2014-07-01,normal,0.08,0.08000000000354697,0.08,0.02947730892910269,,optimal,,0.02947730892910269
2014-08-01,2014-07-30,2014-07-31,2014-08-01,normal,0.08,0.08000000000150585,0.08,0.02392348495096632,,optimal,,0.02392348495096632
2014-09-02,2014-08-28,2014-08-29,2014-09-02,normal,0.08,0.07999999998636897,0.08,0.02244417714393334,,optimal,,0.02244417714393334
2014-10-01,2014-09-29,2014-09-30,2014-10-01,normal,0.08,0.07999999995901569,0.08,0.020976680271549867,,optimal,,0.020976680271549867
2014-11-03,2014-10-30,2014-10-31,2014-11-03,normal,0.08,0.0800000000643164,0.08,0.020690197995287752,,optimal,,0.020690197995287752
2014-12-01,2014-11-26,2014-11-28,2014-12-01,normal,0.08,0.07999999971643881,0.08,0.01813412376124888,,optimal,,0.01813412376124888
2015-01-02,2014-12-30,2014-12-31,2015-01-02,normal,0.08,0.07999999997488852,0.08,0.01733339453093863,,optimal,,0.01733339453093863
2015-02-02,2015-01-29,2015-01-30,2015-02-02,normal,0.08,0.07999999990010843,0.08,0.019015813100263033,,optimal,,0.019015813100263033
2015-03-02,2015-02-26,2015-02-27,2015-03-02,normal,0.08,0.08000000007798025,0.08,0.02019018918989701,,optimal,,0.02019018918989701
2015-04-01,2015-03-30,2015-03-31,2015-04-01,normal,0.08,0.08000000043385333,0.08,0.0186821847067835,,optimal,,0.0186821847067835
2015-05-01,2015-04-29,2015-04-30,2015-05-01,normal,0.08,0.08000000002329849,0.08,0.023985961604576455,,optimal,,0.023985961604576455
2015-06-01,2015-05-28,2015-05-29,2015-06-01,normal,0.08,0.07999999992509947,0.08,0.02278675254615273,,optimal,,0.02278675254615273
2015-07-01,2015-06-29,2015-06-30,2015-07-01,normal,0.08,0.07999999898034904,0.08,0.022652231280769607,,optimal,,0.022652231280769607
2015-08-03,2015-07-30,2015-07-31,2015-08-03,normal,0.08,0.07999999956457732,0.08,0.027047007531826858,,optimal,,0.027047007531826858
2015-09-01,2015-08-28,2015-08-31,2015-09-01,normal,0.08,0.008147308023148565,0.08,0.028499927221871977,,optimal,,0.028499927221871977
2015-10-01,2015-09-29,2015-09-30,2015-10-01,normal,0.08,0.08000000000027756,0.08,0.033064316289219214,,optimal,,0.033064316289219214
2015-11-02,2015-10-29,2015-10-30,2015-11-02,high,0.08,0.08000000000536583,0.08,0.03252880216784351,,optimal,,0.03252880216784351
2015-12-01,2015-11-27,2015-11-30,2015-12-01,normal,0.08,0.08000000000799327,0.08,0.02917108632107308,,optimal,,0.02917108632107308
2016-01-04,2015-12-30,2015-12-31,2016-01-04,normal,0.08,0.007562323078938117,0.08,0.028805635562530345,,optimal,,0.028805635562530345
2016-02-01,2016-01-28,2016-01-29,2016-02-01,normal,0.08,0.07999999985600853,0.08,0.02781455781124405,,optimal,,0.02781455781124405
2016-03-01,2016-02-26,2016-02-29,2016-03-01,high,0.08,0.07999999999438552,0.08,0.022852850502462628,,optimal,,0.022852850502462628
2016-04-01,2016-03-30,2016-03-31,2016-04-01,normal,0.08,0.08000000000145559,0.08,0.02410216785614079,,optimal,,0.02410216785614079
2016-05-02,2016-04-28,2016-04-29,2016-05-02,normal,0.08,0.07999999991396389,0.08,0.02319075641816887,,optimal,,0.02319075641816887
2016-06-01,2016-05-27,2016-05-31,2016-06-01,normal,0.08,0.006914518629523713,0.08,0.023296645847378398,,optimal,,0.023296645847378398
2016-07-01,2016-06-29,2016-06-30,2016-07-01,normal,0.08,0.07999999999742616,0.08,0.02766958641855441,,optimal,,0.02766958641855441
2016-08-01,2016-07-28,2016-07-29,2016-08-01,normal,0.08,0.0799999999257675,0.08,0.03225667590795304,,optimal,,0.03225667590795304
2016-09-01,2016-08-30,2016-08-31,2016-09-01,normal,0.08,0.08000000001029364,0.08,0.027472683853494016,,optimal,,0.027472683853494016
2016-10-03,2016-09-29,2016-09-30,2016-10-03,normal,0.08,0.0800000000090443,0.08,0.027350891537499332,,optimal,,0.027350891537499332
2016-11-01,2016-10-28,2016-10-31,2016-11-01,normal,0.08,0.07999999999632759,0.08,0.031008285628786065,,optimal,,0.031008285628786065
2016-12-01,2016-11-29,2016-11-30,2016-12-01,normal,0.08,0.08000000000372513,0.08,0.028552041204540697,,optimal,,0.028552041204540697
2017-01-03,2016-12-29,2016-12-30,2017-01-03,normal,0.08,0.07999999998387225,0.08,0.02322307714135913,,optimal,,0.02322307714135913
2017-02-01,2017-01-30,2017-01-31,2017-02-01,normal,0.08,0.08000000001795185,0.08,0.02614386451060236,,optimal,,0.02614386451060236
2017-03-01,2017-02-27,2017-02-28,2017-03-01,normal,0.08,0.07999999999949556,0.08,0.026533627218610308,,optimal,,0.026533627218610308
2017-04-03,2017-03-30,2017-03-31,2017-04-03,normal,0.08,0.08000000000700869,0.08,0.03015941028430073,,optimal,,0.03015941028430073
2017-05-01,2017-04-27,2017-04-28,2017-05-01,normal,0.08,0.08000000008927396,0.08,0.02336829592485968,,optimal,,0.02336829592485968
2017-06-01,2017-05-30,2017-05-31,2017-06-01,normal,0.08,0.08000000000282002,0.08,0.03062463978119616,,optimal,,0.03062463978119616
2017-07-03,2017-06-29,2017-06-30,2017-07-03,normal,0.08,0.0800000000619305,0.08,0.021822879852103304,,optimal,,0.021822879852103304
2017-08-01,2017-07-28,2017-07-31,2017-08-01,normal,0.08,0.07999999999677374,0.08,0.019927837031592236,,optimal,,0.019927837031592236
2017-09-01,2017-08-30,2017-08-31,2017-09-01,normal,0.08,0.07999999992088158,0.08,0.020541480297793232,,optimal,,0.020541480297793232
2017-10-02,2017-09-28,2017-09-29,2017-10-02,normal,0.08,0.05164380402115728,0.08,0.022917977380724142,,optimal,,0.022917977380724142
2017-11-01,2017-10-30,2017-10-31,2017-11-01,normal,0.08,0.0800000000043453,0.08,0.022175828816663714,,optimal,,0.022175828816663714
2017-12-01,2017-11-29,2017-11-30,2017-12-01,normal,0.08,0.07999999989748664,0.08,0.020039982201012604,,optimal,,0.020039982201012604
