,date,information_date,execution_date,return_date,regime,tracking_error_budget,decision_turnover,execution_tracking_error,execution_violations,status,message,estimated_tracking_error
0,2011-01-03,2010-12-30,2010-12-31,2011-01-03,normal,0.08,0.29999999995306614,0.03628210117773117,,optimal,,0.03628210117773117
1,2011-02-01,2011-01-28,2011-01-31,2011-02-01,normal,0.08,0.30000000001061616,0.044104869986036584,,optimal,,0.044104869986036584
2,2011-03-01,2011-02-25,2011-02-28,2011-03-01,normal,0.08,0.29999999990016385,0.03586814209195645,,optimal,,0.03586814209195645
3,2011-04-01,2011-03-30,2011-03-31,2011-04-01,normal,0.08,0.1017885345902863,0.03911578124673939,,optimal,,0.03911578124673939
4,2011-05-02,2011-04-28,2011-04-29,2011-05-02,normal,0.08,0.004717527236124664,0.03879799512269279,,optimal,,0.03879799512269279
5,2011-06-01,2011-05-27,2011-05-31,2011-06-01,normal,0.08,0.18184056671679127,0.049534740540109284,,optimal,,0.049534740540109284
6,2011-07-01,2011-06-29,2011-06-30,2011-07-01,normal,0.08,0.23180645273579015,0.05887802364349149,,optimal,,0.05887802364349149
7,2011-08-01,2011-07-28,2011-07-29,2011-08-01,normal,0.08,0.10659995170959374,0.05878197142314185,,optimal,,0.05878197142314185
8,2011-09-01,2011-08-30,2011-08-31,2011-09-01,high,0.08,0.10000000015714491,0.05138217915475808,,optimal,,0.05138217915475808
9,2011-10-03,2011-09-29,2011-09-30,2011-10-03,high,0.08,0.29999999979756936,0.0316039978371402,,optimal,,0.0316039978371402
10,2011-11-01,2011-10-28,2011-10-31,2011-11-01,high,0.08,0.23587099132424472,0.055956138776634405,,optimal,,0.055956138776634405
11,2011-12-01,2011-11-29,2011-11-30,2011-12-01,high,0.08,0.29999999983610315,0.036178473040932836,,optimal,,0.036178473040932836
12,2012-01-03,2011-12-29,2011-12-30,2012-01-03,high,0.08,0.2999999993943243,0.04212679141469023,,optimal,,0.04212679141469023
13,2012-02-01,2012-01-30,2012-01-31,2012-02-01,normal,0.08,0.2618872021708661,0.056363966675439366,,optimal,,0.056363966675439366
14,2012-03-01,2012-02-28,2012-02-29,2012-03-01,normal,0.08,0.013272630473484119,0.05656278503779359,,optimal,,0.05656278503779359
15,2012-04-02,2012-03-29,2012-03-30,2012-04-02,normal,0.08,0.1216997868216298,0.04058424075677972,,optimal,,0.04058424075677972
16,2012-05-01,2012-04-27,2012-04-30,2012-05-01,normal,0.08,0.12781143431793657,0.03578562850889395,,optimal,,0.03578562850889395
17,2012-06-01,2012-05-30,2012-05-31,2012-06-01,normal,0.08,0.018315493268528407,0.03557495531425941,,optimal,,0.03557495531425941
18,2012-07-02,2012-06-28,2012-06-29,2012-07-02,normal,0.08,0.13152449753563386,0.040494102729374044,,optimal,,0.040494102729374044
19,2012-08-01,2012-07-30,2012-07-31,2012-08-01,normal,0.08,0.0038153056554641094,0.04108794682805842,,optimal,,0.04108794682805842
20,2012-09-04,2012-08-30,2012-08-31,2012-09-04,normal,0.08,0.229850319482752,0.03252423384699249,,optimal,,0.03252423384699249
21,2012-10-01,2012-09-27,2012-09-28,2012-10-01,normal,0.08,0.2999999997121278,0.0390367767478161,,optimal,,0.0390367767478161
22,2012-11-01,2012-10-26,2012-10-31,2012-11-01,normal,0.08,0.20324762629185616,0.024882573064947594,,optimal,,0.024882573064947594
23,2012-12-03,2012-11-29,2012-11-30,2012-12-03,normal,0.08,0.2982050541743326,0.02255299538007682,,optimal,,0.02255299538007682
24,2013-01-02,2012-12-28,2012-12-31,2013-01-02,normal,0.08,0.1532920887925428,0.015100517926919601,,optimal,,0.015100517926919601
25,2013-02-01,2013-01-30,2013-01-31,2013-02-01,normal,0.08,0.21117727806722497,0.01958556114680406,,optimal,,0.01958556114680406
26,2013-03-01,2013-02-27,2013-02-28,2013-03-01,normal,0.08,0.20426327892674456,0.0299653454278407,,optimal,,0.0299653454278407
27,2013-04-01,2013-03-27,2013-03-28,2013-04-01,normal,0.08,0.0028052089056899068,0.0282683348698495,,optimal,,0.0282683348698495
28,2013-05-01,2013-04-29,2013-04-30,2013-05-01,normal,0.08,0.2999999999874367,0.029926629029892113,,optimal,,0.029926629029892113
