scenario,status,error,cumulative_return,cagr,annualized_volatility,sharpe,sortino,maximum_drawdown,benchmark_cumulative_return,tracking_error,information_ratio,annualized_arithmetic_active_return,annualized_turnover,total_cost_fraction_sum,compounded_cost_drag,average_absolute_active_weight,maximum_position,average_estimated_tracking_error,mean_ic,median_ic,ic_std,ic_information_ratio,positive_ic_fraction,gross_wealth,net_wealth,gross_cagr,average_one_way_turnover,average_rebalance_turnover,average_active_share,execution_constraint_violations,solver_failures,policy_frictionless_cagr,policy_net_cagr,net_active_vs_cost_adjusted_policy,average_signal_capture,valid_capture_observations,excluded_capture_observations
fixed_risk,success,,0.6575393629980943,0.07499238843081857,0.09480798710560334,0.8104177648842377,1.1136427223934686,-0.17783811789615844,0.710834635859749,0.03653338996777749,-0.10400636514862399,-0.0037997050971057423,2.0686985184620914,0.014456262265919617,0.024127571704723794,0.08787045539984945,0.37425853709200924,0.03205718694657951,0.012121212121212114,-0.012121212121212121,0.4338106323392126,0.027941251821910373,0.4880952380952381,1.6816669347028161,1.6575393629980943,0.0772177656010522,0.0082091211050083,0.17209836030856684,0.4393522769992472,0.0,0.0,0.07987177211104779,0.07975678927415641,-0.003693364412012394,0.665022872337177,84.0,0.0
te_4pct,success,,0.6890824912727154,0.07789623365297738,0.0885890180641621,0.8912580852011905,1.2363772287723593,-0.1514956023738333,0.710834635859749,0.02986458736818747,-0.056190412745203575,-0.001678103490683647,2.076289303202059,0.014509307392614386,0.02468300022594372,0.08543986115134414,0.3742585370898294,0.030219468077774477,0.012121212121212114,-0.012121212121212121,0.4338106323392126,0.027941251821910373,0.4880952380952381,1.7137654914986604,1.6890824912727154,0.08013630594301024,0.008239243266674837,0.17272984991207602,0.42719930575672077,0.0,0.0,0.07987177211104779,0.07975678927415641,-0.0015717628055902928,0.6617226699611299,84.0,0.0
te_8pct,success,,0.6575393629980943,0.07499238843081857,0.09480798710560334,0.8104177648842377,1.1136427223934686,-0.17783811789615844,0.710834635859749,0.03653338996777749,-0.10400636514862399,-0.0037997050971057423,2.0686985184620914,0.014456262265919617,0.024127571704723794,0.08787045539984945,0.37425853709200924,0.03205718694657951,0.012121212121212114,-0.012121212121212121,0.4338106323392126,0.027941251821910373,0.4880952380952381,1.6816669347028161,1.6575393629980943,0.0772177656010522,0.0082091211050083,0.17209836030856684,0.4393522769992472,0.0,0.0,0.07987177211104779,0.07975678927415641,-0.003693364412012394,0.665022872337177,84.0,0.0
te_12pct,success,,0.6575393629168806,0.07499238842328126,0.09480798709641512,0.8104177648795976,1.1136427223630794,-0.17783811792510973,0.710834635859749,0.03653338996394928,-0.10400636537538577,-0.0037997051049919604,2.068698519291993,0.014456262271719044,0.024127571713235874,0.08787045538985853,0.37425853709189355,0.03205718694325307,0.012121212121212114,-0.012121212121212121,0.4338106323392126,0.027941251821910373,0.4880952380952381,1.681666934630116,1.6575393629168806,0.0772177655943882,0.00820912110830156,0.17209836037760767,0.4393522769492927,0.0,0.0,0.07987177211104779,0.07975678927415641,-0.0036933644198986126,0.6650228723392767,84.0,0.0
turnover_10pct,success,,0.7126067950502484,0.08003177042593967,0.08804685822478923,0.9186514144589741,1.2906226623446162,-0.14122400357150433,0.710834635859749,0.02649310806170049,0.009458639050025856,0.00025058874646895506,0.8741698690719553,0.006108782299348069,0.010491616476851151,0.07509202768871975,0.36362587541363883,0.0263529873383834,0.012121212121212114,-0.012121212121212121,0.4338106323392126,0.027941251821910373,0.4880952380952381,1.7230984115270984,1.7126067950502484,0.08097610386829723,0.0034689280518728385,0.07272359880176273,0.37546013844359877,0.0,0.0,0.07987177211104779,0.07975678927415641,0.0003569294315623068,0.5294666934153324,84.0,0.0
turnover_30pct,success,,0.6575393629980943,0.07499238843081857,0.09480798710560334,0.8104177648842377,1.1136427223934686,-0.17783811789615844,0.710834635859749,0.03653338996777749,-0.10400636514862399,-0.0037997050971057423,2.0686985184620914,0.014456262265919617,0.024127571704723794,0.08787045539984945,0.37425853709200924,0.03205718694657951,0.012121212121212114,-0.012121212121212121,0.4338106323392126,0.027941251821910373,0.4880952380952381,1.6816669347028161,1.6575393629980943,0.0772177656010522,0.0082091211050083,0.17209836030856684,0.4393522769992472,0.0,0.0,0.07987177211104779,0.07975678927415641,-0.003693364412012394,0.665022872337177,84.0,0.0
turnover_50pct,success,,0.6611139007148961,0.07532382596075138,0.09522913206416594,0.8104987884507917,1.1096980730747985,-0.17602089935995102,0.710834635859749,0.03783270121113021,-0.09120908173906232,-0.003450685937175497,2.4667877090063652,0.017238147442699248,0.02887982437882841,0.09159420742032293,0.374316685865391,0.033242291706960365,0.012121212121212114,-0.012121212121212121,0.4338106323392126,0.027941251821910373,0.4880952380952381,1.6899937250937225,1.661113900714896,0.07797942856135953,0.009788840115104626,0.20521604098451485,0.45797103710161463,0.0,0.0,0.07987177211104779,0.07975678927415641,-0.0033443452520821424,0.6799496263364495,84.0,0.0
cost_0bps,success,,0.6816669347028161,0.0772177656010522,0.09480955831109067,0.832223848811337,1.1447291859401492,-0.17745060676117808,0.710834635859749,0.03651487407498658,-0.04740551959973554,-0.0017310065786436514,2.0686985184620914,0.0,0.0,0.08787045539984945,0.37425853709200924,0.03205718694657951,0.012121212121212114,-0.012121212121212121,0.4338106323392126,0.027941251821910373,0.4880952380952381,1.6816669347028161,1.6816669347028161,0.0772177656010522,0.0082091211050083,0.17209836030856684,0.4393522769992472,0.0,0.0,0.07987177211104779,0.07987177211104779,-0.0017310065786436514,0.665022872337177,84.0,0.0
cost_10bps,success,,0.6575393629980943,0.07499238843081857,0.09480798710560334,0.8104177648842377,1.1136427223934686,-0.17783811789615844,0.710834635859749,0.03653338996777749,-0.10400636514862399,-0.0037997050971057423,2.0686985184620914,0.014456262265919617,0.024127571704723794,0.08787045539984945,0.37425853709200924,0.03205718694657951,0.012121212121212114,-0.012121212121212121,0.4338106323392126,0.027941251821910373,0.4880952380952381,1.6816669347028161,1.6575393629980943,0.0772177656010522,0.0082091211050083,0.17209836030856684,0.4393522769992472,0.0,0.0,0.07987177211104779,0.07975678927415641,-0.003693364412012394,0.665022872337177,84.0,0.0
cost_25bps,success,,0.6219853613383712,0.07166197955639286,0.09481475204517965,0.7776324636747494,1.0670344484553407,-0.17841919266205586,0.710834635859749,0.03658479317750066,-0.18867819865233013,-0.006902752874798881,2.0686985184620914,0.03614065566479904,0.05968157336444446,0.08787045539984945,0.37425853709200924,0.03205718694657951,0.012121212121212114,-0.012121212121212121,0.4338106323392126,0.027941251821910373,0.4880952380952381,1.6816669347028161,1.6219853613383712,0.0772177656010522,0.0082091211050083,0.17209836030856684,0.4393522769992472,0.0,0.0,0.07987177211104779,0.07958433511779339,-0.006636901162065506,0.665022872337177,84.0,0.0
cost_40bps,success,,0.5871820562372232,0.06834073922665773,0.09483246071909587,0.7447658840902401,1.0204610673872991,-0.17900003714129908,0.710834635859749,0.03666444074877734,-0.27290203936427654,-0.010005800652492017,2.0686985184620914,0.05782504906367847,0.09448487846559317,0.08787045539984945,0.37425853709200924,0.03205718694657951,0.012121212121212114,-0.012121212121212121,0.4338106323392126,0.027941251821910373,0.4880952380952381,1.6816669347028161,1.5871820562372232,0.0772177656010522,0.0082091211050083,0.17209836030856684,0.4393522769992472,0.0,0.0,0.07987177211104779,0.079411905077583,-0.00958043791211862,0.665022872337177,84.0,0.0
regime_aware,success,,0.6561360563276646,0.07486210388589343,0.09438587895001484,0.8123316379855889,1.1169416238743557,-0.17440191939034955,0.710834635859749,0.03625646487941012,-0.10925352108657654,-0.003961146450227356,2.0814528753950388,0.014545390926867715,0.024257685712646415,0.0876672905038195,0.37425853709190526,0.03198637976697364,0.012121212121212114,-0.012121212121212121,0.4338106323392126,0.027941251821910373,0.4880952380952381,1.6803937420403061,1.6561360563276646,0.07710102020745802,0.008259733632519996,0.1731594157960442,0.4383364525190975,0.0,0.0,0.07987177211104779,0.07975678927415641,-0.0038548057651340067,0.6653160621324735,84.0,0.0
without_momentum_12_1,success,,0.5377198038971438,0.06351158208047503,0.08053609480958131,0.8049587816447242,1.1409899800399919,-0.11300327627283613,0.710834635859749,0.023858836431105278,-0.662460861815199,-0.01580554534405787,2.067305496030004,0.014446527692495385,0.02237046332035253,0.07363490998795584,0.3781897327432367,0.024501712721337558,-0.057864357864357854,-0.04242424242424242,0.36643610620013634,-0.15791117983541197,0.4880952380952381,1.5600902672174959,1.5377198038971438,0.06571192324200958,0.008203593238214301,0.17198247252970697,0.3681745499397792,0.0,0.0,0.07987177211104779,0.07975678927415641,-0.015699204658964516,0.41916626046322786,84.0,0.0
without_low_volatility,success,,0.8563668652597916,0.09256158950223181,0.11039265597271863,0.8573984075300077,1.189946193980654,-0.19317425835519075,0.710834635859749,0.04988843319418549,0.28096102515498894,0.014016705333614534,2.536880649916364,0.017727963589296493,0.03321911674878564,0.12040860719024017,0.3911446476834507,0.04674573618836325,0.08831168831168831,0.2121212121212121,0.5441729991589335,0.16228605323708026,0.5833333333333334,1.889585982008575,1.8563668652597916,0.09533813967552862,0.010066986706017316,0.21104718558686292,0.6020430359512007,0.0,0.0,0.07987177211104779,0.07975678927415641,0.014123046018707881,0.6289477376204642,84.0,0.0
without_reversal_1m,success,,0.6768741124534996,0.07677789295130677,0.08619156830357565,0.9015308823207786,1.2569415095259577,-0.13328949270281043,0.710834635859749,0.028372754958284896,-0.10324769249144905,-0.0029294214790682354,1.2546569622895014,0.0087676623436183,0.014767911401733391,0.0865523759244957,0.3738880233435962,0.03083809578180528,0.012121212121212102,0.0303030303030303,0.4517411364066494,0.02683220797120588,0.5357142857142857,1.6916420238552352,1.6768741124534996,0.07812981929819696,0.004978797469402783,0.10437693266212261,0.43276187962247853,0.0,0.0,0.07987177211104779,0.07975678927415641,-0.002823080793974886,0.6892341770479206,84.0,0.0
policy,success,,0.7095620437425401,0.07975678927415641,0.0869277110344569,0.9263725048895988,1.3195512993139047,-0.11373097375247843,0.710834635859749,3.682833457083524e-05,-2.8874692904947086,-0.00010634068509335138,0.10634068509335101,0.0007431188351166314,0.0012725921172123122,0.0,0.31445743102831436,0.0,0.012121212121212114,-0.012121212121212121,0.4338106323392126,0.027941251821910373,0.4880952380952381,1.710834635859749,1.70956204374254,0.07987177211104779,0.00042198684560853573,0.008846652799007518,0.0,0.0,0.0,0.07987177211104779,0.07975678927415641,0.0,,0.0,0.0
equal_weight,success,,0.5897310596299616,0.06858609484353573,0.08332838008417286,0.8378426481358539,1.202955798127539,-0.11691704101305389,0.710834635859749,0.024624962357030825,-0.4392985990786485,-0.010817711465808096,0.18717828480065427,0.0013080196806902861,0.0020785081161902585,0.08006140054904601,0.12180878139239705,0.025619492959697374,0.012121212121212114,-0.012121212121212121,0.4338106323392126,0.027941251821910373,0.4880952380952381,1.591809567746153,1.5897310596299616,0.06878591330650607,0.0007427709714311676,0.01557166286536055,0.40030700274523007,0.0,0.0,0.07987177211104779,0.07975678927415641,-0.010711370780714746,,0.0,0.0
inverse_volatility,success,,0.5410767481952778,0.0638435105352575,0.0594979152660409,1.0700387726076246,1.5558894761370503,-0.09245354742134404,0.710834635859749,0.04354584319441657,-0.38967452761579086,-0.016968705876415576,0.5098073292564987,0.00356258216992339,0.00549599280552493,0.07615980903596824,0.3246684031949656,0.04200668963242121,0.012121212121212114,-0.012121212121212121,0.4338106323392126,0.027941251821910373,0.4880952380952381,1.5465727410008057,1.5410767481952778,0.06438560900025703,0.0020230449573670583,0.04241169249908797,0.38079904517984114,0.0,0.0,0.07987177211104779,0.07975678927415641,-0.016862365191322223,,0.0,0.0
sample_covariance,success,,0.6570216361825838,0.07494433310681803,0.09481921810521902,0.8098614654818891,1.1128235586624717,-0.17783811791497728,0.710834635859749,0.03653340332828772,-0.10520101659641948,-0.0038433511698628834,2.072935379877917,0.014485869857004013,0.024169702152360806,0.08789683440895045,0.37425853701132145,0.03082560809118242,0.012121212121212114,-0.012121212121212121,0.4338106323392126,0.027941251821910373,0.4880952380952381,1.6811913383349415,1.6570216361825838,0.07717416465967464,0.00822593404713459,0.1724508316310002,0.43948417204475215,0.0,0.0,0.07987177211104779,0.07975678927415641,-0.0037370104847695334,0.6650544009454682,84.0,0.0
lag_3,success,,0.7320726855547603,0.08177996207253657,0.08532107665308121,0.9641783687552117,1.352587740402358,-0.1394911788116493,0.710834635859749,0.029631835690374107,0.05504061322578198,0.0016309544074038036,2.11499807293398,0.014779807962050555,0.02578297665974527,0.08944680020721954,0.3742701987374363,0.03176251078507225,0.029437229437229432,0.04242424242424242,0.4368290314213891,0.06738844563843256,0.5357142857142857,1.7578556622145025,1.7320726855547603,0.08406974221944963,0.008392849495769763,0.17595009478631612,0.4472340010360977,0.0,0.0,0.07987177211104779,0.07975678927415641,0.001737295092497152,0.6528718931086557,84.0,0.0
weekly,failed,"Execution mandate failed on 2012-06-04: sector active weight, sector active weight",,,,,,,,,,,,,,,,,,,,,,,,,,,,,,,,,,,
