,signal_capture
2011-01-03,0.34192715646501487
2011-02-01,0.5595940558067242
2011-03-01,0.6132068417407965
2011-04-01,0.3689185671533382
2011-05-02,0.8794602734607903
2011-06-01,0.6223950775995327
2011-07-01,0.5446906877036437
2011-08-01,0.6455530991277297
2011-09-01,0.7345064866464142
2011-10-03,0.408580457223932
2011-11-01,0.31494754557950544
2011-12-01,0.5165841589457569
2012-01-03,0.36234616783034823
2012-02-01,0.5339297127219338
2012-03-01,0.42193324664432236
2012-04-02,0.421552131259684
2012-05-01,0.7327007114676677
2012-06-01,0.6200653457903263
2012-07-02,0.5857214639799275
2012-08-01,0.6496529126895614
2012-09-04,0.5642597446204499
2012-10-01,0.5878985195144181
2012-11-01,0.9309301792360204
2012-12-03,0.7083639279723104
2013-01-02,0.9176222019651842
2013-02-01,0.6854675885842056
2013-03-01,0.643982747335568
2013-04-01,0.5990714847236324
2013-05-01,0.6615123467683335
2013-06-03,0.539798591321946
2013-07-01,0.5115909773153124
2013-08-01,0.5209781802669833
2013-09-03,0.631801679832619
2013-10-01,0.9911722199725002
2013-11-01,0.9126527692589644
2013-12-02,0.5488820834191331
2014-01-02,0.7395806912091518
2014-02-03,0.6432320544040371
2014-03-03,0.8437171032661722
2014-04-01,0.7281079637117714
2014-05-01,0.9669437538056441
2014-06-02,0.7538629841775958
2014-07-01,0.544321419696075
2014-08-01,0.7027278479307344
2014-09-02,0.3361603448634901
2014-10-01,0.3387524548128361
2014-11-03,-0.026433157777189718
2014-12-01,0.4654557024185137
2015-01-02,0.6606545152924121
2015-02-02,0.7857325983272532
2015-03-02,0.5715134173490833
2015-04-01,0.7747779758574571
2015-05-01,0.735907213680168
2015-06-01,0.785109269491332
2015-07-01,0.6355042134162647
2015-08-03,0.9578898401717658
2015-09-01,0.7127551460459168
2015-10-01,0.8840054645693449
2015-11-02,0.42724032818529145
2015-12-01,0.5518596548729275
2016-01-04,0.758868840914423
2016-02-01,0.5950757997847448
2016-03-01,0.33309712877074954
2016-04-01,0.34333464198988217
2016-05-02,0.40942785649438873
2016-06-01,0.3044251823214671
2016-07-01,0.6077462000081795
2016-08-01,0.3222304572969014
2016-09-01,0.4433096637887728
2016-10-03,0.8056069519113667
2016-11-01,0.6252673532689343
2016-12-01,0.5029201842735042
2017-01-03,0.7074086560236281
2017-02-01,0.6239616527188899
2017-03-01,0.9573556741219931
2017-04-03,0.9258899137747505
2017-05-01,0.927318169133511
2017-06-01,0.8955171314642628
2017-07-03,0.7330182881717454
2017-08-01,0.745315679359711
2017-09-01,0.7432776033352242
2017-10-02,0.5312835789942758
2017-11-01,0.8546601600995873
2017-12-01,0.7816630503755203
