seed,capture_TE_4,capture_TE_12,delta_TE,capture_turnover_10,capture_turnover_50,delta_turnover,dominance_delta,realized_turnover_at_10,realized_turnover_at_50,scenario_status,scenario_error,dataset_identity,configuration_fingerprint,fixed_settings_fingerprint
40,0.9414097906300994,0.9488272838924176,0.0074174932623181,0.7959374147234137,0.965139444600429,0.1692020298770152,0.1617845366146971,0.1000000000031806,0.3150101789253512,success,,76decbc0be0cd3b921cd2bc005c5493b12fc89e6e9d7c1ac97a80539f006581f,dd8384f21eca0c8f53891db97f4c48201c4481b3bd52c17f8c818cdc4cb26630,ded282965994600f4d2d3fc2b945b20c06c0b3d2cd4ef01cf59228d1bd107a08
41,0.9498217322371216,0.958504563502802,0.0086828312656803,0.8157261051824815,0.9695753961061684,0.1538492909236868,0.1451664596580064,0.099999999948155,0.2979365654727554,success,,3e3bcd04a09549402cc27687e4c45dc1d6a66a064382751f7742cd6ce9a10aff,24ac4c3d470229bb55cafcc1a047a75438173ab982633aa858787619164bf2f1,ded282965994600f4d2d3fc2b945b20c06c0b3d2cd4ef01cf59228d1bd107a08
42,0.9554576678601436,0.9636666505084016,0.008208982648258,0.8463252085187889,0.9737183468718064,0.1273931383530173,0.1191841557047592,0.0999999999434511,0.2886243176314558,success,,a1f394431e1958c6a99d0ef5393dface76d568589010b66631e07acd157db1f8,62793719e9412176d6b71126f33eb2dc91b16d91d04197ead5831a8e4ad5c3ea,ded282965994600f4d2d3fc2b945b20c06c0b3d2cd4ef01cf59228d1bd107a08
43,0.9230184996658252,0.931701130994252,0.0086826313284269,0.8123943435691852,0.947921390204053,0.1355270466348678,0.1268444153064408,0.0999999999905511,0.3154878450612991,success,,0dbedbe04022788fd4cd5d4481f62a742befff67cd6fc739847984b67c012de8,f8a8685e0a6d994ea40011e7a6ad22173117d598975c023c182bb13c78855f8d,ded282965994600f4d2d3fc2b945b20c06c0b3d2cd4ef01cf59228d1bd107a08
44,0.9424546250856888,0.9633029594384668,0.0208483343527782,0.8466303084245458,0.9719011478156176,0.1252708393910717,0.1044225050382935,0.0999999999572451,0.2807376349906975,success,,5f07c2626eb1b6bafa8de74031ba89007a77fe88388054c0bffb4cb1041dda3e,4cc1e49896c5788a68c0c5205e8fbb62a3bb33808a7c0c74d337fb37cf4ef5d3,ded282965994600f4d2d3fc2b945b20c06c0b3d2cd4ef01cf59228d1bd107a08
45,0.9332482824912116,0.9390600727682268,0.005811790277015,0.7871581168608888,0.9512077367596796,0.1640496198987909,0.1582378296217759,0.1000000000526444,0.3050213150375823,success,,f4e086e5c18d9d1b7ca8ac08470ee4c4069912a8325b8785135fdfd6bd60d821,0f2646808c496667ad8f4afa8eafe37e241c388b4ceab4f0e6809c797a53b75f,ded282965994600f4d2d3fc2b945b20c06c0b3d2cd4ef01cf59228d1bd107a08
46,,0.945792609980138,,0.8089950900474504,0.959459707403432,0.1504646173559817,,0.1000000000130467,0.3119746396023555,incomplete,Optimization failed on 2021-12-01: optimal_inaccurate: No accepted optimum; constraints were not relaxed,deab9519071e6a75a34830f6671a3643590426f39152154476ddc93b8d277794,c5edc233401975ccb06ec2ae3d29a439a948c2322b3d7b300193b2a9c3d91bfc,ded282965994600f4d2d3fc2b945b20c06c0b3d2cd4ef01cf59228d1bd107a08
47,0.9507822131105712,0.9593776757546758,0.0085954626441044,0.8207123236266138,0.9723687969658604,0.1516564733392464,0.143061010695142,0.0999883845910784,0.2889045109443985,success,,135967115322d99161191e6af87388ecf79bc996f8c779d0725d1b1320d8471b,799068e8fdca66271d16c939d2f27cfd59f65fcefac3dea01155067c7960e069,ded282965994600f4d2d3fc2b945b20c06c0b3d2cd4ef01cf59228d1bd107a08
48,0.9510859055803336,0.9669113335398326,0.0158254279594991,0.8414251654182587,0.9779580389354376,0.1365328735171788,0.1207074455576796,0.0999999999986659,0.2888305405354231,success,,815ca232a5392d7386bf0bbe47dcd32bbd15e4e30e75e9eea6f86bb096058e1c,ae5e755c15d843419b169360805f7a78ac1688ee38ec6ee757fa5ebfbc7b67ac,ded282965994600f4d2d3fc2b945b20c06c0b3d2cd4ef01cf59228d1bd107a08
49,0.9332346645261388,0.9545249549502902,0.0212902904241515,0.7949997692598464,0.966189357142615,0.1711895878827686,0.149899297458617,0.1000000000798947,0.3027527016711684,success,,aef32fc966a2f316e6c4a2657476622b8c31f0361c17510eb7cd780e038346fd,057c43a71cf721fe679434c9f8a0ff8f49e9e6f43ebcbee23c113bc1e6813123,ded282965994600f4d2d3fc2b945b20c06c0b3d2cd4ef01cf59228d1bd107a08
50,0.9316957559224,0.9427920358524188,0.0110962799300188,0.8087061721655172,0.9577189912202958,0.1490128190547786,0.1379165391247597,0.1000000000498294,0.3072200889881835,success,,97885242e51df486bec60bd3ea8a93fdbfba6fabce36f50b88e5cddd94e6027e,5938d6018a90944c658ed41e4cadb96855fee0cd1357e6678804b84584618221,ded282965994600f4d2d3fc2b945b20c06c0b3d2cd4ef01cf59228d1bd107a08
51,0.9515334241743716,0.9570796261990038,0.005546202024632,0.8418463207020314,0.9703282423388236,0.1284819216367922,0.1229357196121602,0.0999999999691996,0.3032545351243135,success,,961b24b497dec791dfac8453c0c2803567725ab1883d182cc53611f1bb1e2ff2,882f4d6aba319cc3653022af1bb2ac8b07dbaed2a50ff02e534635f369810f59,ded282965994600f4d2d3fc2b945b20c06c0b3d2cd4ef01cf59228d1bd107a08
52,0.9575954991855198,0.9642719392461466,0.0066764400606268,0.8370906881950514,0.9737614631396664,0.1366707749446148,0.129994334883988,0.099999999958895,0.2890212929040503,success,,95d2f9f68e8051507d581532ff88db334c9cbb9cbeb6c67a93bb318f5073093b,2773608baa5d56da09c98d76fe12f5ad5d126c82daa16d1a2f46de1ef3af84bb,ded282965994600f4d2d3fc2b945b20c06c0b3d2cd4ef01cf59228d1bd107a08
53,,0.9419248685346456,,0.7725867827890874,0.9646635167387642,0.1920767339496767,,0.0998236209413813,0.3346644222681174,incomplete,Optimization failed on 2023-05-01: optimal_inaccurate: No accepted optimum; constraints were not relaxed,9f27d909380283619e038657a839820a2af0503759787ecabe5c89311186ccc9,90e881c46cc05a85df138df6b36c9c7678d9a5f054fc911bceded5ef8744ea37,ded282965994600f4d2d3fc2b945b20c06c0b3d2cd4ef01cf59228d1bd107a08
54,0.9451884110524036,0.9526817245478488,0.0074933134954454,0.8245892266359274,0.9691137649736252,0.1445245383376977,0.1370312248422522,0.0999999999883506,0.3062989690886039,success,,bfd3f86ff99e9846e264ddd183e86c05d3c5dcc9e2c1c519fd09d8938bcff220,f25c943cf372c2d37c9aac5faa5d8972d1cae112096f16989b5c60572cbf9927,ded282965994600f4d2d3fc2b945b20c06c0b3d2cd4ef01cf59228d1bd107a08
55,0.921713338372751,0.9361121328970784,0.0143987945243274,0.812588716818498,0.9479566265493212,0.1353679097308233,0.1209691152064958,0.1000000000466062,0.3084604405489778,success,,23e43b5088691973379390d85db66e481f098b83e2124a1bada00eced9cbfe8c,9b89dd54ee34ecb4c65ebfc64a6df42a7ef4c22fc6453fc94299178b1b3a71ef,ded282965994600f4d2d3fc2b945b20c06c0b3d2cd4ef01cf59228d1bd107a08
56,0.9361460960865448,0.9433177312964812,0.0071716352099364,0.7978116302055113,0.9591226620233462,0.1613110318178349,0.1541393966078984,0.0999999999917478,0.3088066840621322,success,,2b70dc10c1987f854fa8b3eb11892cac6cb240839a52d0a21d935bd75d2a1fc0,824e4c5ecb908850e662091b9519cafb2e87f878349ba559a8f310e929700480,ded282965994600f4d2d3fc2b945b20c06c0b3d2cd4ef01cf59228d1bd107a08
57,0.9531213376493354,0.9594650388142084,0.0063437011648729,0.830537222365156,0.97219794978958,0.141660727424424,0.1353170262595511,0.0999999999947332,0.296130126006193,success,,3638770df691e277d4b1b9e4be775738eb944d4a19bc595f4389511464f022b2,39023b9e347dda871f9ed767b951744fb454b88b768ec1c69bb568a82e7c370e,ded282965994600f4d2d3fc2b945b20c06c0b3d2cd4ef01cf59228d1bd107a08
58,0.9121307120938912,0.932470234979929,0.0203395228860379,0.8064940991127941,0.9471747126856376,0.1406806135728435,0.1203410906868056,0.1000000000080801,0.3057676797109827,success,,21f0307a6ba091a8cf296b1dd664e570b0f482f0155e31e74e8a6af4c5c1eb4d,836a49fd177edcdb85859ede4e337812c7d564eac403b455661d3b7e865cf90c,ded282965994600f4d2d3fc2b945b20c06c0b3d2cd4ef01cf59228d1bd107a08
59,0.953083977059297,0.95637408815163,0.003290111092333,0.8268601411178147,0.9690809370147554,0.1422207958969407,0.1389306848046076,0.0999999999715797,0.3061658589625909,success,,adc5a12a50d1f9b61e34f323af972c2d654196350b1be5b220d84b46aff08f1a,5feab48067cf5933553f8d9c8962ad3b497d4e80899970d5e92ea5de71026b50,ded282965994600f4d2d3fc2b945b20c06c0b3d2cd4ef01cf59228d1bd107a08
