,date,information_date,execution_date,return_date,regime,tracking_error_budget,decision_turnover,decision_turnover_budget,execution_tracking_error,execution_violations,status,message,estimated_tracking_error
0,2011-01-03,2010-12-30,2010-12-31,2011-01-03,normal,0.08,0.280000000007603,0.27999999999999997,0.03338045469040703,,optimal,,0.03338045469040703
1,2011-01-10,2011-01-06,2011-01-07,2011-01-10,normal,0.08,0.24888113073427043,0.27999999999999997,0.042989482318306696,,optimal,,0.04318472383983738
2,2011-01-18,2011-01-13,2011-01-14,2011-01-18,normal,0.08,0.2799999999805492,0.27999999999999997,0.048476663204263,,optimal,,0.04873557222765991
3,2011-01-24,2011-01-20,2011-01-21,2011-01-24,normal,0.08,0.058816774310853207,0.27999999999999997,0.053864652568244235,,optimal,,0.053732356028876445
4,2011-01-31,2011-01-27,2011-01-28,2011-01-31,normal,0.08,0.02240455094663005,0.27999999999999997,0.05586589858409816,,optimal,,0.055088469954821695
5,2011-02-07,2011-02-03,2011-02-04,2011-02-07,normal,0.08,0.2610178268300732,0.27999999999999997,0.05315618190085786,,optimal,,0.05342867399304142
6,2011-02-14,2011-02-10,2011-02-11,2011-02-14,normal,0.08,0.17008107999822417,0.27999999999999997,0.05148773366485,,optimal,,0.051492712261813
7,2011-02-22,2011-02-17,2011-02-18,2011-02-22,normal,0.08,0.18241059984452598,0.27999999999999997,0.039360651761475705,,optimal,,0.03942916973430645
8,2011-02-28,2011-02-24,2011-02-25,2011-02-28,normal,0.08,0.2561057025221355,0.27999999999999997,0.048734204489048784,,optimal,,0.049099895043921066
9,2011-03-07,2011-03-03,2011-03-04,2011-03-07,normal,0.08,0.001467950318847283,0.27999999999999997,0.04946050323489285,,optimal,,0.048930324236332444
10,2011-03-14,2011-03-10,2011-03-11,2011-03-14,normal,0.08,0.21191325301529906,0.27999999999999997,0.052656477000346286,,optimal,,0.052990580473825426
11,2011-03-21,2011-03-17,2011-03-18,2011-03-21,normal,0.08,0.047406778162329515,0.27999999999999997,0.05669007632369989,,optimal,,0.05696376774431488
12,2011-03-28,2011-03-24,2011-03-25,2011-03-28,normal,0.08,0.03637911222895138,0.27999999999999997,0.05006918232324147,,optimal,,0.05017975250804248
13,2011-04-04,2011-03-31,2011-04-01,2011-04-04,normal,0.08,0.05621777668160529,0.27999999999999997,0.042066575547568937,,optimal,,0.0418407425142292
14,2011-04-11,2011-04-07,2011-04-08,2011-04-11,normal,0.08,0.0030994597388595475,0.27999999999999997,0.041932261947390775,,optimal,,0.04193252760262593
15,2011-04-18,2011-04-14,2011-04-15,2011-04-18,normal,0.08,0.00422293908198977,0.27999999999999997,0.04189987817365972,,optimal,,0.041791375158151824
16,2011-04-25,2011-04-20,2011-04-21,2011-04-25,normal,0.08,0.0017811451675204446,0.27999999999999997,0.04156724969657044,,optimal,,0.041712958982404
17,2011-05-02,2011-04-28,2011-04-29,2011-05-02,normal,0.08,0.004077844809499828,0.27999999999999997,0.04151959872221862,,optimal,,0.04151959872221862
18,2011-05-09,2011-05-05,2011-05-06,2011-05-09,normal,0.08,0.2799999999699067,0.27999999999999997,0.06557298160969194,,optimal,,0.06587632689791839
19,2011-05-16,2011-05-12,2011-05-13,2011-05-16,normal,0.08,0.21934632092805562,0.27999999999999997,0.04460890217329861,,optimal,,0.04399240559978113
20,2011-05-23,2011-05-19,2011-05-20,2011-05-23,normal,0.08,0.09079914978953177,0.27999999999999997,0.04643856215603501,,optimal,,0.04611451282277805
21,2011-05-31,2011-05-26,2011-05-27,2011-05-31,normal,0.08,0.20191747933163287,0.27999999999999997,0.05410069683949256,,optimal,,0.05438239586031419
22,2011-06-06,2011-06-02,2011-06-03,2011-06-06,normal,0.08,0.27999999999075653,0.27999999999999997,0.042432789541844075,,optimal,,0.042014716463587745
23,2011-06-13,2011-06-09,2011-06-10,2011-06-13,normal,0.08,0.27999999977177215,0.27999999999999997,0.058207210968484045,,optimal,,0.057439212910137066
24,2011-06-20,2011-06-16,2011-06-17,2011-06-20,normal,0.08,0.00452275131027851,0.27999999999999997,0.05897718687925555,,optimal,,0.05917256802131182
25,2011-06-27,2011-06-23,2011-06-24,2011-06-27,normal,0.08,0.08448218792231643,0.27999999999999997,0.05469892640874501,,optimal,,0.0543166824634308
26,2011-07-05,2011-06-30,2011-07-01,2011-07-05,normal,0.08,0.2633768060491558,0.27999999999999997,0.029984956984378107,,optimal,,0.030347776559466286
27,2011-07-11,2011-07-07,2011-07-08,2011-07-11,normal,0.08,0.1713262503714328,0.27999999999999997,0.025469603281105764,,optimal,,0.02559282924599108
28,2011-07-18,2011-07-14,2011-07-15,2011-07-18,normal,0.08,0.16451748558333962,0.27999999999999997,0.019481979358149295,,optimal,,0.01946436171187227
29,2011-07-25,2011-07-21,2011-07-22,2011-07-25,normal,0.08,0.21632721610994488,0.27999999999999997,0.026121664281529948,,optimal,,0.02618638901458956
30,2011-08-01,2011-07-28,2011-07-29,2011-08-01,normal,0.08,0.19045843956032912,0.27999999999999997,0.041140816125859535,,optimal,,0.041140816125859535
31,2011-08-08,2011-08-04,2011-08-05,2011-08-08,normal,0.08,0.2799999999898535,0.27999999999999997,0.039399428225452095,,optimal,,0.03989856574408057
32,2011-08-15,2011-08-11,2011-08-12,2011-08-15,high,0.08,0.16666314156111425,0.27999999999999997,0.055628080014340796,,optimal,,0.055456472014438665
33,2011-08-22,2011-08-18,2011-08-19,2011-08-22,high,0.08,0.10791252585961554,0.27999999999999997,0.06780438607672801,,optimal,,0.06695481033573253
34,2011-08-29,2011-08-25,2011-08-26,2011-08-29,high,0.08,0.010432101825867941,0.27999999999999997,0.06661789388611249,,optimal,,0.0672214141636281
35,2011-09-06,2011-09-01,2011-09-02,2011-09-06,high,0.08,0.04241332553955532,0.27999999999999997,0.05653340939751776,,optimal,,0.055049871699465194
36,2011-09-12,2011-09-08,2011-09-09,2011-09-12,high,0.08,0.27999999988423263,0.27999999999999997,0.034845785551378,,optimal,,0.035124828828759155
37,2011-09-19,2011-09-15,2011-09-16,2011-09-19,high,0.08,0.27999999209933923,0.27999999999999997,0.03307015527543339,,optimal,,0.03306469482455921
38,2011-09-26,2011-09-22,2011-09-23,2011-09-26,high,0.08,0.07768862530221493,0.27999999999999997,0.03560018220760813,,optimal,,0.034548408618750304
39,2011-10-03,2011-09-29,2011-09-30,2011-10-03,high,0.08,0.04284057685078592,0.27999999999999997,0.038379502502698816,,optimal,,0.038379502502698816
40,2011-10-10,2011-10-06,2011-10-07,2011-10-10,high,0.08,0.00562200624345451,0.27999999999999997,0.038956682807910106,,optimal,,0.03916967258139004
41,2011-10-17,2011-10-13,2011-10-14,2011-10-17,high,0.08,0.024598411001289296,0.27999999999999997,0.04157688132198297,,optimal,,0.04063141248797626
42,2011-10-24,2011-10-20,2011-10-21,2011-10-24,high,0.08,0.03383587459369341,0.27999999999999997,0.0439661927341859,,optimal,,0.04274540803988379
43,2011-10-31,2011-10-27,2011-10-28,2011-10-31,high,0.08,0.0965493474339778,0.27999999999999997,0.049853823477871526,,optimal,,0.05046881534274828
44,2011-11-07,2011-11-03,2011-11-04,2011-11-07,high,0.08,0.15916962678065316,0.27999999999999997,0.050210695177897176,,optimal,,0.05091468876913862
45,2011-11-14,2011-11-10,2011-11-11,2011-11-14,high,0.08,0.034135333996383965,0.27999999999999997,0.053527335910403706,,optimal,,0.051692186813368735
46,2011-11-21,2011-11-17,2011-11-18,2011-11-21,high,0.08,0.2799999995767002,0.27999999999999997,0.02813719391514445,,optimal,,0.02794113816741102
47,2011-11-28,2011-11-23,2011-11-25,2011-11-28,high,0.08,0.07751666036628427,0.27999999999999997,0.026688694372201192,,optimal,,0.0265355094710399
48,2011-12-05,2011-12-01,2011-12-02,2011-12-05,high,0.08,0.09759714810293166,0.27999999999999997,0.032310765434431114,,optimal,,0.0328360845387927
49,2011-12-12,2011-12-08,2011-12-09,2011-12-12,high,0.08,0.0914478834296932,0.27999999999999997,0.03152988556892038,,optimal,,0.03023652720119154
50,2011-12-19,2011-12-15,2011-12-16,2011-12-19,high,0.08,0.012643433997549802,0.27999999999999997,0.030075332107512908,,optimal,,0.03023370209169874
51,2011-12-27,2011-12-22,2011-12-23,2011-12-27,high,0.08,0.279999999809475,0.27999999999999997,0.03757610952946429,,optimal,,0.03687797827914965
52,2012-01-03,2011-12-29,2011-12-30,2012-01-03,high,0.08,0.07105608410198994,0.27999999999999997,0.04370560510700192,,optimal,,0.04370560510700192
53,2012-01-09,2012-01-05,2012-01-06,2012-01-09,high,0.08,0.0074650631785249146,0.27999999999999997,0.04257630801358164,,optimal,,0.04339638808424435
54,2012-01-17,2012-01-12,2012-01-13,2012-01-17,normal,0.08,0.007663707053946452,0.27999999999999997,0.04219035096170171,,optimal,,0.04301116388114467
55,2012-01-23,2012-01-19,2012-01-20,2012-01-23,normal,0.08,0.26574978757836354,0.27999999999999997,0.05753814148444921,,optimal,,0.05704588807572867
56,2012-01-30,2012-01-26,2012-01-27,2012-01-30,normal,0.08,0.002220195573484918,0.27999999999999997,0.05727231821725925,,optimal,,0.057284775286379236
57,2012-02-06,2012-02-02,2012-02-03,2012-02-06,normal,0.08,0.012118085372637867,0.27999999999999997,0.05945758584095254,,optimal,,0.05782927529471815
58,2012-02-13,2012-02-09,2012-02-10,2012-02-13,normal,0.08,0.009401080123344716,0.27999999999999997,0.05606162914882924,,optimal,,0.05744297115849204
59,2012-02-21,2012-02-16,2012-02-17,2012-02-21,normal,0.08,0.004313840753357448,0.27999999999999997,0.05783955036441026,,optimal,,0.05758561730938871
60,2012-02-27,2012-02-23,2012-02-24,2012-02-27,normal,0.08,0.0007098701471934714,0.27999999999999997,0.05745786022461834,,optimal,,0.057238337982576395
61,2012-03-05,2012-03-01,2012-03-02,2012-03-05,normal,0.08,0.010272842065962889,0.27999999999999997,0.05742540377855644,,optimal,,0.05809656463353662
62,2012-03-12,2012-03-08,2012-03-09,2012-03-12,normal,0.08,0.0035581432293420334,0.27999999999999997,0.05820985633973965,,optimal,,0.05813967906577646
63,2012-03-19,2012-03-15,2012-03-16,2012-03-19,normal,0.08,0.008696150993059624,0.27999999999999997,0.05789336856708479,,optimal,,0.05776998898441889
64,2012-03-26,2012-03-22,2012-03-23,2012-03-26,normal,0.08,0.006326474350046677,0.27999999999999997,0.057076700710305926,,optimal,,0.056940019205969
65,2012-04-02,2012-03-29,2012-03-30,2012-04-02,normal,0.08,0.1405451601758859,0.27999999999999997,0.03924425348974864,,optimal,,0.03924425348974864
66,2012-04-09,2012-04-04,2012-04-05,2012-04-09,normal,0.08,0.0035080187770543726,0.27999999999999997,0.03870458436553902,,optimal,,0.039019849054644375
67,2012-04-16,2012-04-12,2012-04-13,2012-04-16,normal,0.08,0.005490746947073156,0.27999999999999997,0.037553118324534215,,optimal,,0.03892785170308813
68,2012-04-23,2012-04-19,2012-04-20,2012-04-23,normal,0.08,0.004907587750080046,0.27999999999999997,0.038790240686381344,,optimal,,0.038404524919634156
69,2012-04-30,2012-04-26,2012-04-27,2012-04-30,normal,0.08,0.00235208165600438,0.27999999999999997,0.03841403212579769,,optimal,,0.038304743176341444
70,2012-05-07,2012-05-03,2012-05-04,2012-05-07,normal,0.08,0.009157159254972512,0.27999999999999997,0.03769367816038251,,optimal,,0.0388890814851998
71,2012-05-14,2012-05-10,2012-05-11,2012-05-14,normal,0.08,0.008466957151582358,0.27999999999999997,0.037695184625691,,optimal,,0.03835331866500677
72,2012-05-21,2012-05-17,2012-05-18,2012-05-21,normal,0.08,0.019857440410005704,0.27999999999999997,0.03667993700169449,,optimal,,0.03711141987749593
73,2012-05-29,2012-05-24,2012-05-25,2012-05-29,normal,0.08,0.00407806330409919,0.27999999999999997,0.036538024161309204,,optimal,,0.03693523625322125
