,gross,net,benchmark,active,gross_active,turnover,cost,rebalance,benchmark_turnover,benchmark_cost,benchmark_net
2011-01-03,0.006127140582963908,0.0058471405829563046,0.005758296757441179,8.884382551512578e-05,0.00036884382552272894,0.280000000007603,0.000280000000007603,True,0.0,0.0,0.005758296757441179
2011-01-04,-0.0019375428668500488,-0.0019375428668500488,-0.00020089233104540923,-0.0017366505358046395,-0.0017366505358046395,0.0,0.0,False,0.0,0.0,-0.00020089233104540923
2011-01-05,-0.0010041064851728917,-0.0010041064851728917,-0.0030702972421233383,0.0020661907569504466,0.0020661907569504466,0.0,0.0,False,0.0,0.0,-0.0030702972421233383
2011-01-06,0.00025064512139197186,0.00025064512139197186,-0.0021675064486189983,0.00241815157001097,0.00241815157001097,0.0,0.0,False,0.0,0.0,-0.0021675064486189983
2011-01-07,0.0011299915270602946,0.0011299915270602946,-5.727830696466334e-05,0.001187269834024958,0.001187269834024958,0.0,0.0,False,0.0,0.0,-5.727830696466334e-05
2011-01-10,0.003418809294516631,0.003168624662217234,-0.00016957081203450346,0.0033381954742517372,0.003588380106551134,0.2501846322993969,0.0002501846322993969,True,0.0,0.0,-0.00016957081203450346
2011-01-11,0.0011754469732084636,0.0011754469732084636,0.002198163937179108,-0.0010227169639706445,-0.0010227169639706445,0.0,0.0,False,0.0,0.0,0.002198163937179108
2011-01-12,0.0038480532709241717,0.0038480532709241717,0.007372694293567227,-0.003524641022643055,-0.003524641022643055,0.0,0.0,False,0.0,0.0,0.007372694293567227
2011-01-13,0.0011595995623543338,0.0011595995623543338,0.0014255008444584221,-0.0002659012821040884,-0.0002659012821040884,0.0,0.0,False,0.0,0.0,0.0014255008444584221
2011-01-14,0.0017094248813109957,0.0017094248813109957,0.0022118698363226075,-0.0005024449550116118,-0.0005024449550116118,0.0,0.0,False,0.0,0.0,0.0022118698363226075
2011-01-18,0.0008356851715615438,0.0005547228097077174,0.000611217060078578,-5.649425037086058e-05,0.00022446811148296578,0.28096236185382645,0.0002809623618538264,True,0.0,0.0,0.000611217060078578
2011-01-19,-0.011144699164264775,-0.011144699164264775,-0.0053593850235490875,-0.005785314140715687,-0.005785314140715687,0.0,0.0,False,0.0,0.0,-0.0053593850235490875
2011-01-20,-0.006814951243996306,-0.006814951243996306,-0.00616354755412692,-0.0006514036898693865,-0.0006514036898693865,0.0,0.0,False,0.0,0.0,-0.00616354755412692
2011-01-21,-0.0006111674399212051,-0.0006111674399212051,0.0014169000727246727,-0.0020280675126458777,-0.0020280675126458777,0.0,0.0,False,0.0,0.0,0.0014169000727246727
2011-01-24,0.0035633561883204115,0.0035037719439097803,0.004579098788427395,-0.0010753268445176144,-0.0010157426001069832,0.059584244410631065,5.958424441063106e-05,True,0.0,0.0,0.004579098788427395
2011-01-25,0.001268069234026426,0.001268069234026426,0.001545140120536434,-0.0002770708865100081,-0.0002770708865100081,0.0,0.0,False,0.0,0.0,0.001545140120536434
2011-01-26,0.007308352429887325,0.007308352429887325,0.0010121975605132346,0.00629615486937409,0.00629615486937409,0.0,0.0,False,0.0,0.0,0.0010121975605132346
2011-01-27,-0.00022197459854887973,-0.00022197459854887973,0.0021251190151424936,-0.0023470936136913735,-0.0023470936136913735,0.0,0.0,False,0.0,0.0,0.0021251190151424936
2011-01-28,-0.011883072835238345,-0.011883072835238345,-0.011696506406382366,-0.00018656642885597936,-0.00018656642885597936,0.0,0.0,False,0.0,0.0,-0.011696506406382366
2011-01-31,0.005167955826101403,0.005149267306797332,0.003377293916578691,0.0017719733902186413,0.0017906619095227117,0.01868851930407073,1.868851930407073e-05,True,0.0,0.0,0.003377293916578691
2011-02-01,0.012036660030512413,0.012036660030512413,0.010562427146867864,0.0014742328836445488,0.0014742328836445488,0.0,0.0,False,0.00803601025340903,8.036010253409028e-06,0.010554391136614456
2011-02-02,-0.0015949963685257134,-0.0015949963685257134,-0.002390682854599901,0.0007956864860741877,0.0007956864860741877,0.0,0.0,False,0.0,0.0,-0.002390682854599901
2011-02-03,0.0027060752293696345,0.0027060752293696345,-0.0011473888466842796,0.003853464076053914,0.003853464076053914,0.0,0.0,False,0.0,0.0,-0.0011473888466842796
2011-02-04,0.0021141649384918957,0.0021141649384918957,-0.0012876129650682367,0.0034017779035601325,0.0034017779035601325,0.0,0.0,False,0.0,0.0,-0.0012876129650682367
2011-02-07,0.004473988991500797,0.004213532926828096,0.003343671822138998,0.0008698611046890981,0.0011303171693617994,0.26045606467270116,0.00026045606467270117,True,0.0,0.0,0.003343671822138998
2011-02-08,0.0024546277432533087,0.0024546277432533087,0.0004742017560123206,0.0019804259872409882,0.0019804259872409882,0.0,0.0,False,0.0,0.0,0.0004742017560123206
2011-02-09,-0.006493526540152217,-0.006493526540152217,-0.0012156840271915252,-0.005277842512960692,-0.005277842512960692,0.0,0.0,False,0.0,0.0,-0.0012156840271915252
2011-02-10,-0.0004177907316540723,-0.0004177907316540723,-0.0035402823413720206,0.0031224916097179482,0.0031224916097179482,0.0,0.0,False,0.0,0.0,-0.0035402823413720206
2011-02-11,0.007439344508531866,0.007439344508531866,0.006069183010295021,0.001370161498236845,0.001370161498236845,0.0,0.0,False,0.0,0.0,0.006069183010295021
2011-02-14,0.0025496513398633163,0.0023778597331075347,0.0009994484342230165,0.0013784112988845182,0.0015502029056402998,0.17179160675578148,0.00017179160675578146,True,0.0,0.0,0.0009994484342230165
2011-02-15,-0.0029253843226230694,-0.0029253843226230694,-0.0005298812711746168,-0.0023955030514484525,-0.0023955030514484525,0.0,0.0,False,0.0,0.0,-0.0005298812711746168
2011-02-16,0.0038421471129823164,0.0038421471129823164,0.004385997253691326,-0.0005438501407090094,-0.0005438501407090094,0.0,0.0,False,0.0,0.0,0.004385997253691326
2011-02-17,0.004011039503388132,0.004011039503388132,0.003214436309302626,0.0007966031940855058,0.0007966031940855058,0.0,0.0,False,0.0,0.0,0.003214436309302626
2011-02-18,0.0019852541918354153,0.0019852541918354153,0.0018420629759062152,0.00014319121592920006,0.00014319121592920006,0.0,0.0,False,0.0,0.0,0.0018420629759062152
2011-02-22,-0.013936476638896036,-0.014118503662667994,-0.012057036031715065,-0.0020614676309529296,-0.0018794406071809718,0.1820270237719571,0.0001820270237719571,True,0.0,0.0,-0.012057036031715065
2011-02-23,-0.004861133033036408,-0.004861133033036408,-0.0029621380594878036,-0.0018989949735486043,-0.0018989949735486043,0.0,0.0,False,0.0,0.0,-0.0029621380594878036
2011-02-24,0.0012436866338558855,0.0012436866338558855,0.0014735189767978761,-0.0002298323429419907,-0.0002298323429419907,0.0,0.0,False,0.0,0.0,0.0014735189767978761
2011-02-25,0.009290054292289185,0.009290054292289185,0.009035327021988906,0.0002547272703002784,0.0002547272703002784,0.0,0.0,False,0.0,0.0,0.009035327021988906
2011-02-28,0.0072435187629776515,0.006987894963696945,0.004260715637368405,0.0027271793263285403,0.002982803125609247,0.2556237992807068,0.0002556237992807068,True,0.0,0.0,0.004260715637368405
2011-03-01,-0.010756020303134248,-0.010756020303134248,-0.008751366247647918,-0.0020046540554863306,-0.0020046540554863306,0.0,0.0,False,0.008100208428085846,8.100208428085845e-06,-0.008759466456076004
2011-03-02,0.002203233656585425,0.002203233656585425,0.00035188846518890125,0.001851345191396524,0.001851345191396524,0.0,0.0,False,0.0,0.0,0.00035188846518890125
2011-03-03,0.011590087191751756,0.011590087191751756,0.007693005119420092,0.0038970820723316637,0.0038970820723316637,0.0,0.0,False,0.0,0.0,0.007693005119420092
2011-03-04,-0.003838384897164055,-0.003838384897164055,-0.0013389854575861534,-0.0024993994395779017,-0.0024993994395779017,0.0,0.0,False,0.0,0.0,-0.0013389854575861534
2011-03-07,-0.005748574202803498,-0.005751064922765435,-0.007239174222174585,0.0014881092994091499,0.0014906000193710871,0.0024907199619369543,2.4907199619369544e-06,True,0.0,0.0,-0.007239174222174585
2011-03-08,0.006129758731671193,0.006129758731671193,0.0042865026037027035,0.0018432561279684897,0.0018432561279684897,0.0,0.0,False,0.0,0.0,0.0042865026037027035
2011-03-09,-0.0010263613704791833,-0.0010263613704791833,0.0020307102941144856,-0.003057071664593669,-0.003057071664593669,0.0,0.0,False,0.0,0.0,0.0020307102941144856
2011-03-10,-0.014363347405566988,-0.014363347405566988,-0.01042201664404365,-0.003941330761523339,-0.003941330761523339,0.0,0.0,False,0.0,0.0,-0.01042201664404365
2011-03-11,0.004873142744344273,0.004873142744344273,0.0023207171279878472,0.002552425616356426,0.002552425616356426,0.0,0.0,False,0.0,0.0,0.0023207171279878472
2011-03-14,-0.005550740758851067,-0.0057614735121514415,-0.0034792684957921385,-0.002282205016359303,-0.002071472263058929,0.2107327533003744,0.0002107327533003744,True,0.0,0.0,-0.0034792684957921385
2011-03-15,-0.009244396262088974,-0.009244396262088974,-0.007087014873216858,-0.002157381388872116,-0.002157381388872116,0.0,0.0,False,0.0,0.0,-0.007087014873216858
2011-03-16,-0.012414834370120212,-0.012414834370120212,-0.009202188423994447,-0.0032126459461257646,-0.0032126459461257646,0.0,0.0,False,0.0,0.0,-0.009202188423994447
2011-03-17,0.011060628519328418,0.011060628519328418,0.008708020795910416,0.002352607723418002,0.002352607723418002,0.0,0.0,False,0.0,0.0,0.008708020795910416
2011-03-18,0.006464885499750803,0.006464885499750803,0.003971012680260399,0.0024938728194904046,0.0024938728194904046,0.0,0.0,False,0.0,0.0,0.003971012680260399
2011-03-21,0.01241158266444585,0.012364253571344207,0.00932073297677883,0.003043520594565377,0.0030908496876670202,0.04732909310164342,4.732909310164341e-05,True,0.0,0.0,0.00932073297677883
2011-03-22,-0.0024587930633251792,-0.0024587930633251792,-0.0008444702585422202,-0.001614322804782959,-0.001614322804782959,0.0,0.0,False,0.0,0.0,-0.0008444702585422202
2011-03-23,0.0006054883560120933,0.0006054883560120933,0.0020934882875003136,-0.0014879999314882202,-0.0014879999314882202,0.0,0.0,False,0.0,0.0,0.0020934882875003136
2011-03-24,0.00465141325685578,0.00465141325685578,0.004378878875946695,0.00027253438090908515,0.00027253438090908515,0.0,0.0,False,0.0,0.0,0.004378878875946695
2011-03-25,0.003249703639778008,0.003249703639778008,-0.0012670216051336803,0.004516725244911688,0.004516725244911688,0.0,0.0,False,0.0,0.0,-0.0012670216051336803
2011-03-28,-0.0016181568865143506,-0.001654870077663734,-0.0012467984861808381,-0.00040807159148289595,-0.00037135840033351245,0.036713191149383415,3.6713191149383416e-05,True,0.0,0.0,-0.0012467984861808381
2011-03-29,0.004028605287615181,0.004028605287615181,0.002715904973520161,0.00131270031409502,0.00131270031409502,0.0,0.0,False,0.0,0.0,0.002715904973520161
2011-03-30,0.006095501615759391,0.006095501615759391,0.007391127789615369,-0.0012956261738559776,-0.0012956261738559776,0.0,0.0,False,0.0,0.0,0.007391127789615369
2011-03-31,0.0011031547684976538,0.0011031547684976538,-0.0011164814786528289,0.002219636247150483,0.002219636247150483,0.0,0.0,False,0.0,0.0,-0.0011164814786528289
2011-04-01,0.0014315076736998319,0.0014315076736998319,0.0058907793712313136,-0.004459271697531481,-0.004459271697531481,0.0,0.0,False,0.007095628043848615,7.095628043848615e-06,0.005883683743187465
2011-04-04,0.0033252742616046082,0.003268074491544216,0.0022664011902377825,0.0010016733013064336,0.0010588730713668257,0.057199770060391945,5.7199770060391943e-05,True,0.0,0.0,0.0022664011902377825
2011-04-05,0.001895603701167651,0.001895603701167651,-0.0014714427613003482,0.003367046462467999,0.003367046462467999,0.0,0.0,False,0.0,0.0,-0.0014714427613003482
2011-04-06,0.002283009874331619,0.002283009874331619,0.0007597121696745775,0.0015232977046570418,0.0015232977046570418,0.0,0.0,False,0.0,0.0,0.0007597121696745775
2011-04-07,-0.001502891720414611,-0.001502891720414611,-0.002206854603755485,0.0007039628833408742,0.0007039628833408742,0.0,0.0,False,0.0,0.0,-0.002206854603755485
2011-04-08,-0.0021872179124145844,-0.0021872179124145844,-0.0011397323047210653,-0.0010474856076935191,-0.0010474856076935191,0.0,0.0,False,0.0,0.0,-0.0011397323047210653
2011-04-11,-0.0034896156262793623,-0.003494502945987715,-0.0025358100983877857,-0.0009586928475999292,-0.0009538055278915766,0.004887319708352394,4.887319708352394e-06,True,0.0,0.0,-0.0025358100983877857
2011-04-12,-0.00633486461247159,-0.00633486461247159,-0.004036653145429448,-0.0022982114670421416,-0.0022982114670421416,0.0,0.0,False,0.0,0.0,-0.004036653145429448
2011-04-13,0.0021458357472124647,0.0021458357472124647,0.0026722042665950395,-0.0005263685193825749,-0.0005263685193825749,0.0,0.0,False,0.0,0.0,0.0026722042665950395
2011-04-14,0.0006805311180254198,0.0006805311180254198,0.0003517742306681928,0.000328756887357227,0.000328756887357227,0.0,0.0,False,0.0,0.0,0.0003517742306681928
2011-04-15,0.004487620264700721,0.004487620264700721,0.004440473339534422,4.714692516629912e-05,4.714692516629912e-05,0.0,0.0,False,0.0,0.0,0.004440473339534422
2011-04-18,-0.007162670623105451,-0.0071671851116056,-0.008953009116936764,0.0017858240053311636,0.0017903384938313125,0.0045144885001489705,4.514488500148971e-06,True,0.0,0.0,-0.008953009116936764
2011-04-19,0.0033741016115806104,0.0033741016115806104,0.005042231072182674,-0.0016681294606020638,-0.0016681294606020638,0.0,0.0,False,0.0,0.0,0.005042231072182674
2011-04-20,0.009689633124161833,0.009689633124161833,0.010165717565109856,-0.00047608444094802277,-0.00047608444094802277,0.0,0.0,False,0.0,0.0,0.010165717565109856
2011-04-21,0.0039976056531216084,0.0039976056531216084,0.004011360059651236,-1.3754406529627172e-05,-1.3754406529627172e-05,0.0,0.0,False,0.0,0.0,0.004011360059651236
2011-04-25,-0.0008179414375491025,-0.0008198880769918515,-0.00016635505167334006,-0.0006535330253185115,-0.0006515863858757624,0.001946639442749048,1.946639442749048e-06,True,0.0,0.0,-0.00016635505167334006
2011-04-26,0.005333829826459437,0.005333829826459437,0.007138067680889591,-0.0018042378544301536,-0.0018042378544301536,0.0,0.0,False,0.0,0.0,0.007138067680889591
2011-04-27,0.005137111099908428,0.005137111099908428,0.0026962067048651485,0.002440904395043279,0.002440904395043279,0.0,0.0,False,0.0,0.0,0.0026962067048651485
2011-04-28,0.0025967294284199825,0.0025967294284199825,0.0030325479030402316,-0.00043581847462024906,-0.00043581847462024906,0.0,0.0,False,0.0,0.0,0.0030325479030402316
2011-04-29,0.0038710625023119487,0.0038710625023119487,0.0015908104445503553,0.0022802520577615932,0.0022802520577615932,0.0,0.0,False,0.0,0.0,0.0015908104445503553
2011-05-02,-0.00363511794044011,-0.0036398087662170716,0.00031204997824870736,-0.003951858744465779,-0.003947167918688817,0.004690825776961298,4.690825776961298e-06,True,0.003855802784934366,3.855802784934366e-06,0.000308194175463773
2011-05-03,-0.0035221216216729206,-0.0035221216216729206,-0.004404503350778707,0.0008823817291057864,0.0008823817291057864,0.0,0.0,False,0.0,0.0,-0.004404503350778707
2011-05-04,-0.005676320116298199,-0.005676320116298199,-0.004572707143054163,-0.001103612973244036,-0.001103612973244036,0.0,0.0,False,0.0,0.0,-0.004572707143054163
2011-05-05,-0.007712905247048467,-0.007712905247048467,-0.0047984737928831915,-0.002914431454165275,-0.002914431454165275,0.0,0.0,False,0.0,0.0,-0.0047984737928831915
2011-05-06,0.005301210512484698,0.005301210512484698,0.002781863668616383,0.0025193468438683146,0.0025193468438683146,0.0,0.0,False,0.0,0.0,0.002781863668616383
2011-05-09,0.003628554301673862,0.0033485543017229224,0.003354229344822629,-5.675043099706654e-06,0.00027432495685123306,0.27999999995093977,0.0002799999999509398,True,0.0,0.0,0.003354229344822629
2011-05-10,0.008290523726772431,0.008290523726772431,0.003884932956545043,0.004405590770227388,0.004405590770227388,0.0,0.0,False,0.0,0.0,0.003884932956545043
2011-05-11,-0.011901127461356716,-0.011901127461356716,-0.007969168285732273,-0.003931959175624443,-0.003931959175624443,0.0,0.0,False,0.0,0.0,-0.007969168285732273
2011-05-12,0.003563334820037138,0.003563334820037138,0.001484352568956813,0.002078982251080325,0.002078982251080325,0.0,0.0,False,0.0,0.0,0.001484352568956813
2011-05-13,-0.01136753947711396,-0.01136753947711396,-0.005705996641623594,-0.0056615428354903664,-0.0056615428354903664,0.0,0.0,False,0.0,0.0,-0.005705996641623594
2011-05-16,-0.0003880868073958434,-0.0006101959085297289,-0.001795407795694905,0.0011852118871651762,0.0014073209882990616,0.22210910113388554,0.00022210910113388557,True,0.0,0.0,-0.001795407795694905
2011-05-17,0.0019028009925451212,0.0019028009925451212,0.0017662727497161535,0.00013652824282896778,0.00013652824282896778,0.0,0.0,False,0.0,0.0,0.0017662727497161535
2011-05-18,0.007067087538580194,0.007067087538580194,0.003562777363642012,0.003504310174938182,0.003504310174938182,0.0,0.0,False,0.0,0.0,0.003562777363642012
2011-05-19,-0.0018303682263310886,-0.0018303682263310886,0.0014827780065718617,-0.0033131462329029503,-0.0033131462329029503,0.0,0.0,False,0.0,0.0,0.0014827780065718617
2011-05-20,-0.004401456387049268,-0.004401456387049268,-0.005171587020117806,0.0007701306330685376,0.0007701306330685376,0.0,0.0,False,0.0,0.0,-0.005171587020117806
2011-05-23,-0.010529145426235198,-0.01061914542623039,-0.009259425396258694,-0.0013597200299716953,-0.0012697200299765041,0.08999999999519173,8.999999999519173e-05,True,0.0,0.0,-0.009259425396258694
2011-05-24,0.003302303626371903,0.003302303626371903,0.0018989419726229374,0.0014033616537489657,0.0014033616537489657,0.0,0.0,False,0.0,0.0,0.0018989419726229374
2011-05-25,0.0011244436864722882,0.0011244436864722882,0.0021873224100274037,-0.0010628787235551155,-0.0010628787235551155,0.0,0.0,False,0.0,0.0,0.0021873224100274037
2011-05-26,0.004913777985842442,0.004913777985842442,0.006850864409588325,-0.0019370864237458832,-0.0019370864237458832,0.0,0.0,False,0.0,0.0,0.006850864409588325
2011-05-27,0.006327284377066506,0.006327284377066506,0.003664394056973127,0.0026628903200933795,0.0026628903200933795,0.0,0.0,False,0.0,0.0,0.003664394056973127
2011-05-31,0.009494153039202698,0.009290729720966983,0.008799251962052066,0.0004914777589149176,0.0006949010771506326,0.2034233182357147,0.00020342331823571466,True,0.0,0.0,0.008799251962052066
2011-06-01,-0.015304728145204678,-0.015304728145204678,-0.010619257905147866,-0.004685470240056812,-0.004685470240056812,0.0,0.0,False,0.00939822239913135,9.39822239913135e-06,-0.010628656127546997
2011-06-02,0.0022441363173045866,0.0022441363173045866,-0.002209926218659382,0.0044540625359639685,0.0044540625359639685,0.0,0.0,False,0.0,0.0,-0.002209926218659382
2011-06-03,-0.006341392900973221,-0.006341392900973221,-0.002678187424268135,-0.003663205476705086,-0.003663205476705086,0.0,0.0,False,0.0,0.0,-0.002678187424268135
2011-06-06,-0.00786239900002931,-0.008143639070654577,-0.008236365910487759,9.272683983318174e-05,0.0003739669104584481,0.2812400706252661,0.0002812400706252661,True,0.0,0.0,-0.008236365910487759
2011-06-07,0.001813997177877291,0.001813997177877291,0.0032171502762132946,-0.0014031530983360037,-0.0014031530983360037,0.0,0.0,False,0.0,0.0,0.0032171502762132946
2011-06-08,-0.00546716627214494,-0.00546716627214494,-0.003462198219461957,-0.002004968052682983,-0.002004968052682983,0.0,0.0,False,0.0,0.0,-0.003462198219461957
2011-06-09,0.0037357142785347554,0.0037357142785347554,0.0033503112611029287,0.0003854030174318267,0.0003854030174318267,0.0,0.0,False,0.0,0.0,0.0033503112611029287
2011-06-10,-0.013446561328536506,-0.013446561328536506,-0.009602974559693146,-0.00384358676884336,-0.00384358676884336,0.0,0.0,False,0.0,0.0,-0.009602974559693146
2011-06-13,-0.0017607986801855087,-0.002040963199329197,-0.00039453307174626244,-0.0016464301275829346,-0.0013662656084392462,0.28016451914368856,0.00028016451914368855,True,0.0,0.0,-0.00039453307174626244
2011-06-14,0.012947285950239931,0.012947285950239931,0.0059454837985093295,0.007001802151730602,0.007001802151730602,0.0,0.0,False,0.0,0.0,0.0059454837985093295
2011-06-15,-0.013070954197081777,-0.013070954197081777,-0.009162837659046214,-0.003908116538035564,-0.003908116538035564,0.0,0.0,False,0.0,0.0,-0.009162837659046214
2011-06-16,-0.0046457749115370785,-0.0046457749115370785,3.0406902654448928e-05,-0.004676181814191527,-0.004676181814191527,0.0,0.0,False,0.0,0.0,3.0406902654448928e-05
2011-06-17,0.0051286068920973265,0.0051286068920973265,0.0020979296920376153,0.0030306772000597113,0.0030306772000597113,0.0,0.0,False,0.0,0.0,0.0020979296920376153
2011-06-20,0.007053872436261699,0.007051380697286371,0.001385144358279927,0.005666236339006444,0.005668728077981772,0.0024917389753276544,2.491738975327654e-06,True,0.0,0.0,0.001385144358279927
2011-06-21,0.013364386507106262,0.013364386507106262,0.009471035215856712,0.0038933512912495503,0.0038933512912495503,0.0,0.0,False,0.0,0.0,0.009471035215856712
2011-06-22,-0.006847045442805366,-0.006847045442805366,-0.0044072260633894415,-0.002439819379415924,-0.002439819379415924,0.0,0.0,False,0.0,0.0,-0.0044072260633894415
2011-06-23,0.0015401331754000217,0.0015401331754000217,-0.00017120444609853598,0.0017113376214985578,0.0017113376214985578,0.0,0.0,False,0.0,0.0,-0.00017120444609853598
2011-06-24,-0.0071530265741281416,-0.0071530265741281416,-0.0044875532051203895,-0.002665473369007752,-0.002665473369007752,0.0,0.0,False,0.0,0.0,-0.0044875532051203895
2011-06-27,0.004922161570489397,0.004837095004887705,0.0032840337032478033,0.001553061301639902,0.0016381278672415933,0.08506656560169117,8.506656560169116e-05,True,0.0,0.0,0.0032840337032478033
2011-06-28,0.009865266655560279,0.009865266655560279,0.0042858487931425725,0.005579417862417706,0.005579417862417706,0.0,0.0,False,0.0,0.0,0.0042858487931425725
2011-06-29,0.008415335999752676,0.008415335999752676,0.004347565848599917,0.004067770151152759,0.004067770151152759,0.0,0.0,False,0.0,0.0,0.004347565848599917
2011-06-30,0.0073077966867097,0.0073077966867097,0.005887852876428207,0.0014199438102814928,0.0014199438102814928,0.0,0.0,False,0.0,0.0,0.005887852876428207
2011-07-01,0.01162214408944862,0.01162214408944862,0.007462897958582964,0.004159246130865655,0.004159246130865655,0.0,0.0,False,0.0025033962979100627,2.503396297910063e-06,0.007460394562285054
2011-07-05,0.002712335002490986,0.00244874907328511,0.0008261854184368176,0.0016225636548482922,0.0018861495840541683,0.263585929205876,0.00026358592920587597,True,0.0,0.0,0.0008261854184368176
2011-07-06,0.002331198511826855,0.002331198511826855,-0.00012356582011547945,0.002454764331942334,0.002454764331942334,0.0,0.0,False,0.0,0.0,-0.00012356582011547945
2011-07-07,0.00705276801291012,0.00705276801291012,0.0056841874765859455,0.0013685805363241746,0.0013685805363241746,0.0,0.0,False,0.0,0.0,0.0056841874765859455
2011-07-08,-0.0021826695808697012,-0.0021826695808697012,-0.0016869626358060198,-0.0004957069450636814,-0.0004957069450636814,0.0,0.0,False,0.0,0.0,-0.0016869626358060198
2011-07-11,-0.008338647098379216,-0.00851073243458786,-0.010999801062217873,0.0024890686276300127,0.0026611539638386576,0.17208533620864427,0.00017208533620864428,True,0.0,0.0,-0.010999801062217873
2011-07-12,-0.0015427806826460685,-0.0015427806826460685,-0.002945584485052768,0.0014028038024066997,0.0014028038024066997,0.0,0.0,False,0.0,0.0,-0.002945584485052768
2011-07-13,0.004697168294269377,0.004697168294269377,0.006041905916301467,-0.0013447376220320903,-0.0013447376220320903,0.0,0.0,False,0.0,0.0,0.006041905916301467
2011-07-14,-0.006899510054969518,-0.006899510054969518,-0.008019123971126602,0.0011196139161570844,0.0011196139161570844,0.0,0.0,False,0.0,0.0,-0.008019123971126602
2011-07-15,0.0042457029640134035,0.0042457029640134035,0.004450069586479125,-0.00020436662246572142,-0.00020436662246572142,0.0,0.0,False,0.0,0.0,0.004450069586479125
2011-07-18,-0.0057736786531079175,-0.005937873982147435,-0.007745463708428084,0.0018075897262806485,0.001971785055320166,0.16419532903951803,0.00016419532903951803,True,0.0,0.0,-0.007745463708428084
2011-07-19,0.008780932871244944,0.008780932871244944,0.012141965390597316,-0.0033610325193523718,-0.0033610325193523718,0.0,0.0,False,0.0,0.0,0.012141965390597316
2011-07-20,0.0016055943812139039,0.0016055943812139039,-0.00022293445181539872,0.0018285288330293025,0.0018285288330293025,0.0,0.0,False,0.0,0.0,-0.00022293445181539872
2011-07-21,0.007176173382037571,0.007176173382037571,0.007545279397726274,-0.00036910601568870306,-0.00036910601568870306,0.0,0.0,False,0.0,0.0,0.007545279397726274
2011-07-22,0.002604244102641028,0.002604244102641028,0.0021052608384846926,0.0004989832641563354,0.0004989832641563354,0.0,0.0,False,0.0,0.0,0.0021052608384846926
2011-07-25,-0.004949260514930741,-0.00516458252199797,-0.005319184444887543,0.0001546019228895728,0.00036992392995680197,0.21532200706722884,0.00021532200706722885,True,0.0,0.0,-0.005319184444887543
2011-07-26,-0.0004983050134876015,-0.0004983050134876015,0.0015759848066674179,-0.0020742898201550194,-0.0020742898201550194,0.0,0.0,False,0.0,0.0,0.0015759848066674179
2011-07-27,-0.013290772375081743,-0.013290772375081743,-0.013738446644646296,0.0004476742695645533,0.0004476742695645533,0.0,0.0,False,0.0,0.0,-0.013738446644646296
2011-07-28,-0.00031360396464885567,-0.00031360396464885567,-0.00029130003266005433,-2.230393198880134e-05,-2.230393198880134e-05,0.0,0.0,False,0.0,0.0,-0.00029130003266005433
2011-07-29,0.001842488935573009,0.001842488935573009,0.0035718183748862055,-0.0017293294393131964,-0.0017293294393131964,0.0,0.0,False,0.0,0.0,0.0035718183748862055
2011-08-01,-0.002799790162493736,-0.0029937151202851773,-0.0019017134586351903,-0.001092001661649987,-0.0008980767038585455,0.19392495779144148,0.00019392495779144148,True,0.012236424965378839,1.223642496537884e-05,-0.001913949883600569
2011-08-02,-0.016906334363513312,-0.016906334363513312,-0.011564134355900715,-0.005342200007612596,-0.005342200007612596,0.0,0.0,False,0.0,0.0,-0.011564134355900715
2011-08-03,0.003987676934970236,0.003987676934970236,0.0026473929010459372,0.0013402840339242984,0.0013402840339242984,0.0,0.0,False,0.0,0.0,0.0026473929010459372
2011-08-04,-0.034192260801223506,-0.034192260801223506,-0.026923399256446483,-0.0072688615447770236,-0.0072688615447770236,0.0,0.0,False,0.0,0.0,-0.026923399256446483
2011-08-05,-0.010389199074456679,-0.010389199074456679,-0.005460737852006653,-0.004928461222450026,-0.004928461222450026,0.0,0.0,False,0.0,0.0,-0.005460737852006653
2011-08-08,-0.048888341403396776,-0.04916834140338599,-0.037985266434347686,-0.011183074969038302,-0.01090307496904909,0.2799999999892154,0.00027999999998921536,True,0.0,0.0,-0.037985266434347686
2011-08-09,0.03850853422054234,0.03850853422054234,0.033610405270609,0.004898128949933335,0.004898128949933335,0.0,0.0,False,0.0,0.0,0.033610405270609
2011-08-10,-0.024576676328473764,-0.024576676328473764,-0.022280465711794886,-0.002296210616678878,-0.002296210616678878,0.0,0.0,False,0.0,0.0,-0.022280465711794886
2011-08-11,0.024032095998122463,0.024032095998122463,0.01657216513076376,0.007459930867358702,0.007459930867358702,0.0,0.0,False,0.0,0.0,0.01657216513076376
2011-08-12,0.004049457111460034,0.004049457111460034,0.008231018737006076,-0.0041815616255460415,-0.0041815616255460415,0.0,0.0,False,0.0,0.0,0.008231018737006076
2011-08-15,0.01951647726772918,0.019348657717228813,0.011716318798060277,0.007632338919168535,0.0078001584696689025,0.16781955050036546,0.00016781955050036547,True,0.0,0.0,0.011716318798060277
2011-08-16,-0.00837865597405427,-0.00837865597405427,-0.003739442390718422,-0.004639213583335848,-0.004639213583335848,0.0,0.0,False,0.0,0.0,-0.003739442390718422
2011-08-17,0.00340767500452415,0.00340767500452415,0.004637171564010918,-0.0012294965594867677,-0.0012294965594867677,0.0,0.0,False,0.0,0.0,0.004637171564010918
2011-08-18,-0.030239018704206845,-0.030239018704206845,-0.023750770334881044,-0.006488248369325801,-0.006488248369325801,0.0,0.0,False,0.0,0.0,-0.023750770334881044
2011-08-19,-0.010519134231020761,-0.010519134231020761,-0.0083390491545431,-0.002180085076477661,-0.002180085076477661,0.0,0.0,False,0.0,0.0,-0.0083390491545431
2011-08-22,0.0016832723264874443,0.0015721195633954742,-0.00031585620435806204,0.0018879757677535362,0.001999128530845506,0.11115276309196999,0.00011115276309197,True,0.0,0.0,-0.00031585620435806204
2011-08-23,0.022490670249497795,0.022490670249497795,0.01535065921094745,0.007140011038550345,0.007140011038550345,0.0,0.0,False,0.0,0.0,0.01535065921094745
2011-08-24,0.003625371846467869,0.003625371846467869,-0.002084113459434134,0.005709485305902003,0.005709485305902003,0.0,0.0,False,0.0,0.0,-0.002084113459434134
2011-08-25,-0.014331583909427903,-0.014331583909427903,-0.007866221463452207,-0.006465362445975696,-0.006465362445975696,0.0,0.0,False,0.0,0.0,-0.007866221463452207
2011-08-26,0.017462173685533777,0.017462173685533777,0.010319885838877054,0.007142287846656723,0.007142287846656723,0.0,0.0,False,0.0,0.0,0.010319885838877054
2011-08-29,0.024184716426426407,0.024172190507722492,0.014924240431710822,0.00924795007601167,0.009260475994715585,0.012525918703914963,1.2525918703914963e-05,True,0.0,0.0,0.014924240431710822
2011-08-30,0.0058236890131291375,0.0058236890131291375,0.0035861133816183994,0.002237575631510738,0.002237575631510738,0.0,0.0,False,0.0,0.0,0.0035861133816183994
2011-08-31,0.003995846618726906,0.003995846618726906,0.0044256857102163575,-0.00042983909148945187,-0.00042983909148945187,0.0,0.0,False,0.0,0.0,0.0044256857102163575
2011-09-01,-0.009907978392061189,-0.009907978392061189,-0.003836704289468606,-0.006071274102592583,-0.006071274102592583,0.0,0.0,False,0.026889836835948717,2.6889836835948715e-05,-0.0038635941263045546
2011-09-02,-0.01727756640640801,-0.01727756640640801,-0.01055247718241656,-0.006725089223991449,-0.006725089223991449,0.0,0.0,False,0.0,0.0,-0.01055247718241656
2011-09-06,-0.006309528680827728,-0.0063569224235293,-0.006394313572490415,3.739114896111461e-05,8.478489166268647e-05,0.047393742701572275,4.739374270157227e-05,True,0.0,0.0,-0.006394313572490415
2011-09-07,0.01689803364741969,0.01689803364741969,0.015408423347531643,0.0014896102998880473,0.0014896102998880473,0.0,0.0,False,0.0,0.0,0.015408423347531643
2011-09-08,-0.004968892745931172,-0.004968892745931172,-0.007734005879632596,0.0027651131337014245,0.0027651131337014245,0.0,0.0,False,0.0,0.0,-0.007734005879632596
2011-09-09,-0.01848991853866608,-0.01848991853866608,-0.01573704781399373,-0.002752870724672351,-0.002752870724672351,0.0,0.0,False,0.0,0.0,-0.01573704781399373
2011-09-12,-2.9937236877238156e-05,-0.0003102090911810289,-2.7292538670183432e-05,-0.0002829165525108455,-2.6446982070547236e-06,0.28027185430379076,0.00028027185430379076,True,0.0,0.0,-2.7292538670183432e-05
2011-09-13,0.0076512904875204735,0.0076512904875204735,0.003697017258903766,0.0039542732286167075,0.0039542732286167075,0.0,0.0,False,0.0,0.0,0.003697017258903766
2011-09-14,0.008393323376595806,0.008393323376595806,0.007349693241613366,0.0010436301349824404,0.0010436301349824404,0.0,0.0,False,0.0,0.0,0.007349693241613366
2011-09-15,0.004779837171089805,0.004779837171089805,0.007400810622516307,-0.0026209734514265016,-0.0026209734514265016,0.0,0.0,False,0.0,0.0,0.007400810622516307
2011-09-16,0.002844918236047248,0.002844918236047248,0.002859018525372155,-1.4100289324907311e-05,-1.4100289324907311e-05,0.0,0.0,False,0.0,0.0,0.002859018525372155
2011-09-19,-0.00465954842787695,-0.0049387985640016625,-0.007162550530684742,0.0022237519666830794,0.0025030021028077916,0.2792501361247126,0.0002792501361247126,True,0.0,0.0,-0.007162550530684742
2011-09-20,-0.0008943277692282185,-0.0008943277692282185,-0.0006595693148923705,-0.00023475845433584808,-0.00023475845433584808,0.0,0.0,False,0.0,0.0,-0.0006595693148923705
2011-09-21,-0.01526154641159094,-0.01526154641159094,-0.015266874337352937,5.327925761997726e-06,5.327925761997726e-06,0.0,0.0,False,0.0,0.0,-0.015266874337352937
2011-09-22,-0.014616767893568774,-0.014616767893568774,-0.017367411148564972,0.0027506432549961983,0.0027506432549961983,0.0,0.0,False,0.0,0.0,-0.017367411148564972
2011-09-23,-0.004682675396182601,-0.004682675396182601,0.002172985161739527,-0.006855660557922128,-0.006855660557922128,0.0,0.0,False,0.0,0.0,0.002172985161739527
2011-09-26,0.007756454207779862,0.007676856571548813,0.009894028198190699,-0.0022171716266418864,-0.002137573990410837,0.07959763623104957,7.959763623104956e-05,True,0.0,0.0,0.009894028198190699
2011-09-27,0.005760630496321258,0.005760630496321258,0.007825797030960775,-0.002065166534639517,-0.002065166534639517,0.0,0.0,False,0.0,0.0,0.007825797030960775
2011-09-28,-0.014840388478506513,-0.014840388478506513,-0.013686471137629715,-0.001153917340876798,-0.001153917340876798,0.0,0.0,False,0.0,0.0,-0.013686471137629715
2011-09-29,0.0056728081044703955,0.0056728081044703955,0.007382958501635994,-0.0017101503971655987,-0.0017101503971655987,0.0,0.0,False,0.0,0.0,0.007382958501635994
2011-09-30,-0.00987770522694192,-0.00987770522694192,-0.014677188726937875,0.004799483499995955,0.004799483499995955,0.0,0.0,False,0.0,0.0,-0.014677188726937875
2011-10-03,-0.013211733100583567,-0.013250922792963101,-0.013668491157405475,0.00041756836444237395,0.0004567580568219081,0.03918969237953454,3.918969237953454e-05,True,0.03276811308942956,3.276811308942956e-05,-0.013701259270494905
2011-10-04,0.012950979733913303,0.012950979733913303,0.010451137332773478,0.002499842401139825,0.002499842401139825,0.0,0.0,False,0.0,0.0,0.010451137332773478
2011-10-05,0.008425425893698602,0.008425425893698602,0.010253064014107246,-0.0018276381204086443,-0.0018276381204086443,0.0,0.0,False,0.0,0.0,0.010253064014107246
2011-10-06,0.0079213599818604,0.0079213599818604,0.011034435525719892,-0.003113075543859492,-0.003113075543859492,0.0,0.0,False,0.0,0.0,0.011034435525719892
2011-10-07,-0.00894366444238786,-0.00894366444238786,-0.007066475285214891,-0.0018771891571729687,-0.0018771891571729687,0.0,0.0,False,0.0,0.0,-0.007066475285214891
2011-10-10,0.01797037238766688,0.017962234552717726,0.020297831394906946,-0.00233559684218922,-0.0023274590072400667,0.008137834949152765,8.137834949152766e-06,True,0.0,0.0,0.020297831394906946
2011-10-11,0.0021349770563209164,0.0021349770563209164,0.001306114510734323,0.0008288625455865934,0.0008288625455865934,0.0,0.0,False,0.0,0.0,0.001306114510734323
2011-10-12,0.005192952567321201,0.005192952567321201,0.007530716790654634,-0.0023377642233334325,-0.0023377642233334325,0.0,0.0,False,0.0,0.0,0.007530716790654634
2011-10-13,-2.9342706141277224e-05,-2.9342706141277224e-05,-0.00021934454476788229,0.00019000183862660506,0.00019000183862660506,0.0,0.0,False,0.0,0.0,-0.00021934454476788229
2011-10-14,0.008508206277008594,0.008508206277008594,0.008534033353178056,-2.58270761694622e-05,-2.58270761694622e-05,0.0,0.0,False,0.0,0.0,0.008534033353178056
2011-10-17,-0.01034055994239344,-0.010367749889004818,-0.012850168533603717,0.0024824186445988987,0.002509608591210277,0.027189946611377993,2.718994661137799e-05,True,0.0,0.0,-0.012850168533603717
2011-10-18,0.010775801527171495,0.010775801527171495,0.012423593147163398,-0.0016477916199919024,-0.0016477916199919024,0.0,0.0,False,0.0,0.0,0.012423593147163398
2011-10-19,-0.008114119951206098,-0.008114119951206098,-0.008866966404572556,0.0007528464533664587,0.0007528464533664587,0.0,0.0,False,0.0,0.0,-0.008866966404572556
2011-10-20,0.00018857320192601837,0.00018857320192601837,-0.0005320275225277906,0.000720600724453809,0.000720600724453809,0.0,0.0,False,0.0,0.0,-0.0005320275225277906
2011-10-21,0.010933571533986374,0.010933571533986374,0.01335311934292251,-0.002419547808936136,-0.002419547808936136,0.0,0.0,False,0.0,0.0,0.01335311934292251
2011-10-24,0.010813961504733027,0.010781538683639852,0.012685508025596696,-0.001903969341956845,-0.0018715465208636699,0.032422821093174625,3.242282109317463e-05,True,0.0,0.0,0.012685508025596696
2011-10-25,-0.005701224754671569,-0.005701224754671569,-0.008991030225279157,0.0032898054706075883,0.0032898054706075883,0.0,0.0,False,0.0,0.0,-0.008991030225279157
2011-10-26,0.004513185698921021,0.004513185698921021,0.0058511808688219485,-0.0013379951699009273,-0.0013379951699009273,0.0,0.0,False,0.0,0.0,0.0058511808688219485
2011-10-27,0.017711400058280976,0.017711400058280976,0.025015038719867398,-0.007303638661586422,-0.007303638661586422,0.0,0.0,False,0.0,0.0,0.025015038719867398
2011-10-28,0.0013173302104894334,0.0013173302104894334,-0.0001639243156598127,0.0014812545261492461,0.0014812545261492461,0.0,0.0,False,0.0,0.0,-0.0001639243156598127
2011-10-31,-0.005370693329712341,-0.005466611233723762,-0.01702219817540271,0.011555586941678946,0.011651504845690368,0.09591790401142133,9.591790401142133e-05,True,0.0,0.0,-0.01702219817540271
2011-11-01,-0.008661327898737982,-0.008661327898737982,-0.012435709892045604,0.003774381993307622,0.003774381993307622,0.0,0.0,False,0.02694193838285549,2.694193838285549e-05,-0.012462651830428459
2011-11-02,0.007771040863514767,0.007771040863514767,0.009710065799251082,-0.001939024935736315,-0.001939024935736315,0.0,0.0,False,0.0,0.0,0.009710065799251082
2011-11-03,0.00783434893702387,0.00783434893702387,0.009812563130446598,-0.001978214193422728,-0.001978214193422728,0.0,0.0,False,0.0,0.0,0.009812563130446598
2011-11-04,-0.001956134238730741,-0.001956134238730741,-0.0036541083951877515,0.0016979741564570106,0.0016979741564570106,0.0,0.0,False,0.0,0.0,-0.0036541083951877515
2011-11-07,0.003946808974899669,0.0037864299864992547,0.003189061603381404,0.0005973683831178508,0.0007577473715182654,0.16037898840041478,0.00016037898840041477,True,0.0,0.0,0.003189061603381404
2011-11-08,0.003149999038657986,0.003149999038657986,0.005090033608189517,-0.0019400345695315306,-0.0019400345695315306,0.0,0.0,False,0.0,0.0,0.005090033608189517
2011-11-09,-0.015301898823258386,-0.015301898823258386,-0.024762112700511513,0.009460213877253126,0.009460213877253126,0.0,0.0,False,0.0,0.0,-0.024762112700511513
2011-11-10,0.0011023638258352737,0.0011023638258352737,0.003001283283648108,-0.0018989194578128343,-0.0018989194578128343,0.0,0.0,False,0.0,0.0,0.003001283283648108
2011-11-11,0.008053975476567221,0.008053975476567221,0.011466108409800597,-0.003412132933233376,-0.003412132933233376,0.0,0.0,False,0.0,0.0,0.011466108409800597
2011-11-14,-0.0016063615388586757,-0.0016413361827827219,-0.005543754603830378,0.003902418421047656,0.0039373930649717025,0.034974643924046256,3.497464392404625e-05,True,0.0,0.0,-0.005543754603830378
2011-11-15,0.0006244949677812951,0.0006244949677812951,0.001846191365399275,-0.0012216963976179798,-0.0012216963976179798,0.0,0.0,False,0.0,0.0,0.001846191365399275
2011-11-16,-0.005858915414382049,-0.005858915414382049,-0.010343939877449974,0.004485024463067925,0.004485024463067925,0.0,0.0,False,0.0,0.0,-0.010343939877449974
2011-11-17,-0.005262739305457451,-0.005262739305457451,-0.009889263501921059,0.004626524196463608,0.004626524196463608,0.0,0.0,False,0.0,0.0,-0.009889263501921059
2011-11-18,-0.0012116552605687062,-0.0012116552605687062,-1.6741909703250684e-06,-0.001209981069598381,-0.001209981069598381,0.0,0.0,False,0.0,0.0,-1.6741909703250684e-06
2011-11-21,-0.010936013167518289,-0.011215681289200079,-0.013367994848390866,0.002152313559190787,0.002431981680872577,0.27966812168178906,0.00027966812168178905,True,0.0,0.0,-0.013367994848390866
2011-11-22,-0.0018138287686864365,-0.0018138287686864365,-0.0008149264262045393,-0.0009989023424818973,-0.0009989023424818973,0.0,0.0,False,0.0,0.0,-0.0008149264262045393
2011-11-23,-0.0123128360523177,-0.0123128360523177,-0.01458439294761586,0.0022715568952981612,0.0022715568952981612,0.0,0.0,False,0.0,0.0,-0.01458439294761586
2011-11-25,-0.003981516254880319,-0.003981516254880319,-0.00498650915002029,0.0010049928951399705,0.0010049928951399705,0.0,0.0,False,0.0,0.0,-0.00498650915002029
2011-11-28,0.016107998008995903,0.0160312056269288,0.021352278704332685,-0.0053210730774038845,-0.005244280695336782,0.0767923820671024,7.67923820671024e-05,True,0.0,0.0,0.021352278704332685
2011-11-29,0.0008400465059513162,0.0008400465059513162,8.406144501977891e-05,0.0007559850609315373,0.0007559850609315373,0.0,0.0,False,0.0,0.0,8.406144501977891e-05
2011-11-30,0.022399410241708124,0.022399410241708124,0.02707000261804747,-0.004670592376339346,-0.004670592376339346,0.0,0.0,False,0.0,0.0,0.02707000261804747
2011-12-01,-0.0005582708036626712,-0.0005582708036626712,-0.0019559047320410637,0.0013976339283783925,0.0013976339283783925,0.0,0.0,False,0.0063326590037958465,6.332659003795846e-06,-0.0019622373910448596
2011-12-02,0.0032262566027691972,0.0032262566027691972,0.0024778652750999442,0.000748391327669253,0.000748391327669253,0.0,0.0,False,0.0,0.0,0.0024778652750999442
2011-12-05,0.008053070959724259,0.007956765657824504,0.008347849720991212,-0.00039108406316670785,-0.000294778761266953,0.09630530189975561,9.630530189975561e-05,True,0.0,0.0,0.008347849720991212
2011-12-06,-0.00334679908577415,-0.00334679908577415,-0.0037176745077548076,0.00037087542198065756,0.00037087542198065756,0.0,0.0,False,0.0,0.0,-0.0037176745077548076
2011-12-07,0.005185596601191401,0.005185596601191401,0.004493672466028351,0.00069192413516305,0.00069192413516305,0.0,0.0,False,0.0,0.0,0.004493672466028351
2011-12-08,-0.01292602335165512,-0.01292602335165512,-0.015512333136505036,0.002586309784849916,0.002586309784849916,0.0,0.0,False,0.0,0.0,-0.015512333136505036
2011-12-09,0.006508273179148946,0.006508273179148946,0.009138415708381501,-0.0026301425292325556,-0.0026301425292325556,0.0,0.0,False,0.0,0.0,0.009138415708381501
2011-12-12,-0.011712270035366254,-0.01180305370206896,-0.011905889940194935,0.00010283623812597578,0.0001936199048286815,0.09078366670270507,9.078366670270508e-05,True,0.0,0.0,-0.011905889940194935
2011-12-13,-0.005745712184397179,-0.005745712184397179,-0.00479022342979174,-0.0009554887546054389,-0.0009554887546054389,0.0,0.0,False,0.0,0.0,-0.00479022342979174
2011-12-14,-0.00767033949235164,-0.00767033949235164,-0.004803959708622588,-0.0028663797837290526,-0.0028663797837290526,0.0,0.0,False,0.0,0.0,-0.004803959708622588
2011-12-15,0.002204814892367668,0.002204814892367668,0.0027362012235108875,-0.0005313863311432196,-0.0005313863311432196,0.0,0.0,False,0.0,0.0,0.0027362012235108875
2011-12-16,0.00381948769290908,0.00381948769290908,0.0034225927089467476,0.00039689498396233225,0.00039689498396233225,0.0,0.0,False,0.0,0.0,0.0034225927089467476
2011-12-19,-0.0038566268064497097,-0.00386873932443405,-0.0059050204320808975,0.0020362811076468476,0.002048393625631188,0.01211251798434004,1.211251798434004e-05,True,0.0,0.0,-0.0059050204320808975
2011-12-20,0.01604679934783003,0.01604679934783003,0.01652305634289365,-0.0004762569950636196,-0.0004762569950636196,0.0,0.0,False,0.0,0.0,0.01652305634289365
2011-12-21,-0.0016721695100442825,-0.0016721695100442825,-0.001710590444643463,3.8420934599180546e-05,3.8420934599180546e-05,0.0,0.0,False,0.0,0.0,-0.001710590444643463
2011-12-22,0.005710207446130622,0.005710207446130622,0.006832978061587169,-0.0011227706154565472,-0.0011227706154565472,0.0,0.0,False,0.0,0.0,0.006832978061587169
2011-12-23,0.0030295059547113057,0.0030295059547113057,0.0024035620985125845,0.0006259438561987212,0.0006259438561987212,0.0,0.0,False,0.0,0.0,0.0024035620985125845
2011-12-27,-0.0007450354376528763,-0.0010250191602279928,-0.00025558749699585603,-0.0007694316632321369,-0.0004894479406570202,0.2799837225751165,0.00027998372257511653,True,0.0,0.0,-0.00025558749699585603
2011-12-28,-0.007314551357085752,-0.007314551357085752,-0.006656454172802726,-0.0006580971842830262,-0.0006580971842830262,0.0,0.0,False,0.0,0.0,-0.006656454172802726
2011-12-29,0.006375520711863052,0.006375520711863052,0.007615313580277028,-0.0012397928684139761,-0.0012397928684139761,0.0,0.0,False,0.0,0.0,0.007615313580277028
2011-12-30,0.0014649517596932306,0.0014649517596932306,0.0005493300200002436,0.0009156217396929869,0.0009156217396929869,0.0,0.0,False,0.0,0.0,0.0005493300200002436
2012-01-03,0.00929416364519095,0.009222910874793488,0.010615532859231941,-0.0013926219844384528,-0.0013213692140409908,0.07125277039746136,7.125277039746136e-05,True,0.009245407031349882,9.24540703134988e-06,0.010606287452200592
2012-01-04,-0.001608419066523654,-0.001608419066523654,-0.002355469443620351,0.0007470503770966972,0.0007470503770966972,0.0,0.0,False,0.0,0.0,-0.002355469443620351
2012-01-05,-0.0008544568350962274,-0.0008544568350962274,-0.0022976529472545698,0.0014431961121583424,0.0014431961121583424,0.0,0.0,False,0.0,0.0,-0.0022976529472545698
2012-01-06,-0.0017060227560150854,-0.0017060227560150854,-0.0025132152518639126,0.0008071924958488273,0.0008071924958488273,0.0,0.0,False,0.0,0.0,-0.0025132152518639126
2012-01-09,0.0010718931758669202,0.0010636056707920224,0.0023474566552333332,-0.0012838509844413108,-0.001275563479366413,0.008287505074897759,8.287505074897759e-06,True,0.0,0.0,0.0023474566552333332
2012-01-10,0.006025388558934586,0.006025388558934586,0.00778125778793205,-0.0017558692289974644,-0.0017558692289974644,0.0,0.0,False,0.0,0.0,0.00778125778793205
2012-01-11,0.0028530427481503907,0.0028530427481503907,0.0017064313793152004,0.0011466113688351903,0.0011466113688351903,0.0,0.0,False,0.0,0.0,0.0017064313793152004
2012-01-12,0.0011619381957378003,0.0011619381957378003,0.0017834216680045474,-0.0006214834722667471,-0.0006214834722667471,0.0,0.0,False,0.0,0.0,0.0017834216680045474
2012-01-13,-0.0022489646404659953,-0.0022489646404659953,-0.002499459633733942,0.0002504949932679466,0.0002504949932679466,0.0,0.0,False,0.0,0.0,-0.002499459633733942
2012-01-17,0.004580616643053466,0.004573938596990846,0.0057369291437692985,-0.0011629905467784524,-0.0011563125007158321,0.006678046062620359,6.678046062620359e-06,True,0.0,0.0,0.0057369291437692985
2012-01-18,0.005709621186474218,0.005709621186474218,0.007851406569516958,-0.00214178538304274,-0.00214178538304274,0.0,0.0,False,0.0,0.0,0.007851406569516958
2012-01-19,0.0011121403051566087,0.0011121403051566087,0.0028377838936531176,-0.001725643588496509,-0.001725643588496509,0.0,0.0,False,0.0,0.0,0.0028377838936531176
2012-01-20,0.0010494137461768767,0.0010494137461768767,0.00031688219758863913,0.0007325315485882376,0.0007325315485882376,0.0,0.0,False,0.0,0.0,0.00031688219758863913
2012-01-23,-0.002693677338497986,-0.0029614717921132637,-0.0001798687113140629,-0.0027816030807992008,-0.002513808627183923,0.26779445361527765,0.00026779445361527763,True,0.0,0.0,-0.0001798687113140629
2012-01-24,0.0012327863006755297,0.0012327863006755297,7.847783802831089e-05,0.0011543084626472189,0.0011543084626472189,0.0,0.0,False,0.0,0.0,7.847783802831089e-05
2012-01-25,0.005786033331526299,0.005786033331526299,0.007080467136103684,-0.001294433804577385,-0.001294433804577385,0.0,0.0,False,0.0,0.0,0.007080467136103684
2012-01-26,0.0015300414320314627,0.0015300414320314627,0.0007784870886672046,0.0007515543433642581,0.0007515543433642581,0.0,0.0,False,0.0,0.0,0.0007784870886672046
2012-01-27,0.0024962317199744314,0.0024962317199744314,0.001979444352786976,0.0005167873671874552,0.0005167873671874552,0.0,0.0,False,0.0,0.0,0.001979444352786976
2012-01-30,0.00012084235909834032,0.00011759834932547486,-0.0037666766540959402,0.003884275003421415,0.0038875190131942806,0.003244009772865453,3.2440097728654526e-06,True,0.0,0.0,-0.0037666766540959402
2012-01-31,0.002484944510721685,0.002484944510721685,0.0032453573948535274,-0.0007604128841318422,-0.0007604128841318422,0.0,0.0,False,0.0,0.0,0.0032453573948535274
2012-02-01,0.0040630791252060415,0.0040630791252060415,0.007600154184699731,-0.0035370750594936893,-0.0035370750594936893,0.0,0.0,False,0.01122446361498804,1.1224463614988039e-05,0.007588929721084743
2012-02-02,0.0019948296442078833,0.0019948296442078833,0.001930185081858573,6.464456234931033e-05,6.464456234931033e-05,0.0,0.0,False,0.0,0.0,0.001930185081858573
2012-02-03,0.003263585722226352,0.003263585722226352,0.006541726080929788,-0.0032781403587034364,-0.0032781403587034364,0.0,0.0,False,0.0,0.0,0.006541726080929788
2012-02-06,0.0015514038544912124,0.0015330403896993857,-0.0005785286398423802,0.002111569029541766,0.0021299324943335925,0.018363464791826798,1.83634647918268e-05,True,0.0,0.0,-0.0005785286398423802
2012-02-07,-0.003176170636893264,-0.003176170636893264,-0.0002580037412968859,-0.002918166895596378,-0.002918166895596378,0.0,0.0,False,0.0,0.0,-0.0002580037412968859
2012-02-08,0.0016706514019186156,0.0016706514019186156,0.0025584584517778348,-0.0008878070498592192,-0.0008878070498592192,0.0,0.0,False,0.0,0.0,0.0025584584517778348
2012-02-09,-0.0021820828567399382,-0.0021820828567399382,-0.0007933440086770404,-0.0013887388480628977,-0.0013887388480628977,0.0,0.0,False,0.0,0.0,-0.0007933440086770404
2012-02-10,-0.0011224479112658743,-0.0011224479112658743,-0.006564367957611455,0.005441920046345581,0.005441920046345581,0.0,0.0,False,0.0,0.0,-0.006564367957611455
2012-02-13,0.00475122350885075,0.00474094750865027,0.006744594320174795,-0.002003646811524525,-0.001993370811324045,0.010276000200480195,1.0276000200480196e-05,True,0.0,0.0,0.006744594320174795
2012-02-14,0.00018945948496246965,0.00018945948496246965,-0.0018092181041403223,0.001998677589102792,0.001998677589102792,0.0,0.0,False,0.0,0.0,-0.0018092181041403223
2012-02-15,-0.003024671622188139,-0.003024671622188139,-0.001532091241897177,-0.0014925803802909622,-0.0014925803802909622,0.0,0.0,False,0.0,0.0,-0.001532091241897177
2012-02-16,0.004468599064827427,0.004468599064827427,0.005981923887578814,-0.0015133248227513878,-0.0015133248227513878,0.0,0.0,False,0.0,0.0,0.005981923887578814
2012-02-17,0.0005149520927223303,0.0005149520927223303,0.001219944535222162,-0.0007049924424998318,-0.0007049924424998318,0.0,0.0,False,0.0,0.0,0.001219944535222162
2012-02-21,-0.0036970448828551996,-0.003701998611934963,-0.0020684716757396666,-0.0016335269361952964,-0.001628573207115533,0.004953729079763225,4.953729079763225e-06,True,0.0,0.0,-0.0020684716757396666
2012-02-22,0.0004965070555831176,0.0004965070555831176,0.0006069964365171443,-0.00011048938093402669,-0.00011048938093402669,0.0,0.0,False,0.0,0.0,0.0006069964365171443
2012-02-23,0.004579146429072173,0.004579146429072173,0.00366476707133055,0.0009143793577416227,0.0009143793577416227,0.0,0.0,False,0.0,0.0,0.00366476707133055
2012-02-24,0.0015426215560030924,0.0015426215560030924,0.003088554217031695,-0.0015459326610286026,-0.0015459326610286026,0.0,0.0,False,0.0,0.0,0.003088554217031695
2012-02-27,0.002596348011098406,0.0025948951272365735,0.00022720105919623028,0.0023676940680403434,0.002369146951902176,0.0014528838618325924,1.4528838618325924e-06,True,0.0,0.0,0.00022720105919623028
2012-02-28,0.00030513588253832974,0.00030513588253832974,0.003994801784234453,-0.003689665901696123,-0.003689665901696123,0.0,0.0,False,0.0,0.0,0.003994801784234453
2012-02-29,-0.006103222141534784,-0.006103222141534784,-0.004947908836538648,-0.0011553133049961358,-0.0011553133049961358,0.0,0.0,False,0.0,0.0,-0.004947908836538648
2012-03-01,0.0003491253238144008,0.0003491253238144008,0.0029893702063194744,-0.0026402448825050737,-0.0026402448825050737,0.0,0.0,False,0.011079333096650754,1.1079333096650753e-05,0.0029782908732228237
2012-03-02,-0.0010205467808369212,-0.0010205467808369212,-0.001996936943310274,0.0009763901624733529,0.0009763901624733529,0.0,0.0,False,0.0,0.0,-0.001996936943310274
2012-03-05,-0.00303522121273093,-0.0030439713546900316,-0.00476449751464369,0.0017205261599536584,0.00172927630191276,0.008750141959101823,8.750141959101823e-06,True,0.0,0.0,-0.00476449751464369
2012-03-06,-0.005237504290194477,-0.005237504290194477,-0.012293242203372039,0.007055737913177562,0.007055737913177562,0.0,0.0,False,0.0,0.0,-0.012293242203372039
2012-03-07,0.0024053669123208347,0.0024053669123208347,0.004773160210994309,-0.0023677932986734744,-0.0023677932986734744,0.0,0.0,False,0.0,0.0,0.004773160210994309
2012-03-08,0.003142313579615369,0.003142313579615369,0.007800807160139799,-0.00465849358052443,-0.00465849358052443,0.0,0.0,False,0.0,0.0,0.007800807160139799
2012-03-09,0.003573212555463862,0.003573212555463862,0.0011670446608431034,0.0024061678946207584,0.0024061678946207584,0.0,0.0,False,0.0,0.0,0.0011670446608431034
2012-03-12,-0.00042608261362568725,-0.0004313399365657107,-0.0019079751413175637,0.001476635204751853,0.0014818925276918764,0.005257322940023433,5.257322940023433e-06,True,0.0,0.0,-0.0019079751413175637
2012-03-13,0.004590132312296987,0.004590132312296987,0.008835267442402542,-0.004245135130105555,-0.004245135130105555,0.0,0.0,False,0.0,0.0,0.008835267442402542
2012-03-14,-0.009092037347038909,-0.009092037347038909,-0.008889411989765325,-0.00020262535727358366,-0.00020262535727358366,0.0,0.0,False,0.0,0.0,-0.008889411989765325
2012-03-15,0.0035343006403552985,0.0035343006403552985,0.004129877874906984,-0.0005955772345516857,-0.0005955772345516857,0.0,0.0,False,0.0,0.0,0.004129877874906984
2012-03-16,0.0005142811006620386,0.0005142811006620386,0.0015680937848826983,-0.0010538126842206596,-0.0010538126842206596,0.0,0.0,False,0.0,0.0,0.0015680937848826983
2012-03-19,-0.0009208531161243427,-0.000929861545121222,8.091765976570757e-05,-0.0010107792048869295,-0.0010017707758900503,0.009008428996879262,9.00842899687926e-06,True,0.0,0.0,8.091765976570757e-05
2012-03-20,-0.0018613530598252748,-0.0018613530598252748,-0.004690491407935297,0.0028291383481100227,0.0028291383481100227,0.0,0.0,False,0.0,0.0,-0.004690491407935297
2012-03-21,0.002657156890964897,0.002657156890964897,0.0008665796507719347,0.001790577240192962,0.001790577240192962,0.0,0.0,False,0.0,0.0,0.0008665796507719347
2012-03-22,-0.0032886476665160997,-0.0032886476665160997,-0.005100727693905271,0.0018120800273891714,0.0018120800273891714,0.0,0.0,False,0.0,0.0,-0.005100727693905271
2012-03-23,0.005354877766109757,0.005354877766109757,0.004576463415274831,0.0007784143508349261,0.0007784143508349261,0.0,0.0,False,0.0,0.0,0.004576463415274831
2012-03-26,0.00729122252880016,0.007283592052368676,0.008858366601556207,-0.0015747745491875307,-0.0015671440727560472,0.007630476431483103,7.630476431483103e-06,True,0.0,0.0,0.008858366601556207
2012-03-27,0.0005914481561231519,0.0005914481561231519,-0.00024062551547489688,0.0008320736715980488,0.0008320736715980488,0.0,0.0,False,0.0,0.0,-0.00024062551547489688
2012-03-28,-0.003514227196933297,-0.003514227196933297,-0.005196256957849812,0.0016820297609165154,0.0016820297609165154,0.0,0.0,False,0.0,0.0,-0.005196256957849812
2012-03-29,0.0013688460820089274,0.0013688460820089274,-0.0002731170500729183,0.0016419631320818457,0.0016419631320818457,0.0,0.0,False,0.0,0.0,-0.0002731170500729183
2012-03-30,-0.0030763690162048827,-0.0030763690162048827,0.0009987760497843598,-0.004075145065989242,-0.004075145065989242,0.0,0.0,False,0.0,0.0,0.0009987760497843598
2012-04-02,0.0057300504397770685,0.0055897771819774615,0.007075496275955628,-0.0014857190939781663,-0.0013454458361785594,0.1402732577996066,0.0001402732577996066,True,0.01102323991151868,1.1023239911518682e-05,0.0070644730360441095
2012-04-03,-0.006403229750263885,-0.006403229750263885,-0.008523538428092283,0.002120308677828398,0.002120308677828398,0.0,0.0,False,0.0,0.0,-0.008523538428092283
2012-04-04,-0.004019870225750356,-0.004019870225750356,-0.00697212402465527,0.0029522537989049137,0.0029522537989049137,0.0,0.0,False,0.0,0.0,-0.00697212402465527
2012-04-05,0.000927451863352436,0.000927451863352436,0.0008030047947875532,0.0001244470685648828,0.0001244470685648828,0.0,0.0,False,0.0,0.0,0.0008030047947875532
2012-04-09,-0.001999659891648162,-0.002003564073680017,-0.0020532479870569477,4.968391337693053e-05,5.358809540878572e-05,0.0039041820318550568,3.9041820318550564e-06,True,0.0,0.0,-0.0020532479870569477
2012-04-10,-0.007898679716440028,-0.007898679716440028,-0.009731061247950805,0.0018323815315107773,0.0018323815315107773,0.0,0.0,False,0.0,0.0,-0.009731061247950805
2012-04-11,0.003392504295986632,0.003392504295986632,0.004539929186861656,-0.0011474248908750241,-0.0011474248908750241,0.0,0.0,False,0.0,0.0,0.004539929186861656
2012-04-12,0.006071105840902683,0.006071105840902683,0.009196889636519694,-0.0031257837956170115,-0.0031257837956170115,0.0,0.0,False,0.0,0.0,0.009196889636519694
2012-04-13,-0.003362871961786463,-0.003362871961786463,-0.005720319000002301,0.002357447038215838,0.002357447038215838,0.0,0.0,False,0.0,0.0,-0.005720319000002301
2012-04-16,-7.940146040274798e-05,-8.669541807468979e-05,0.00030555260293844034,-0.00039224802101313014,-0.0003849540633411883,0.0072939576719418,7.2939576719418e-06,True,0.0,0.0,0.00030555260293844034
2012-04-17,0.007220693009834699,0.007220693009834699,0.008478008811188624,-0.0012573158013539244,-0.0012573158013539244,0.0,0.0,False,0.0,0.0,0.008478008811188624
2012-04-18,-0.001688848660435707,-0.001688848660435707,-0.002073056721932351,0.00038420806149664396,0.00038420806149664396,0.0,0.0,False,0.0,0.0,-0.002073056721932351
2012-04-19,-0.002642639645235512,-0.002642639645235512,-0.003119949467584086,0.00047730982234857377,0.00047730982234857377,0.0,0.0,False,0.0,0.0,-0.003119949467584086
2012-04-20,0.001464455096004744,0.001464455096004744,0.002848593965503801,-0.001384138869499057,-0.001384138869499057,0.0,0.0,False,0.0,0.0,0.002848593965503801
2012-04-23,-0.004279423648605231,-0.004285061460538968,-0.007175374034634717,0.002890312574095749,0.0028959503860294857,0.005637811933736269,5.6378119337362694e-06,True,0.0,0.0,-0.007175374034634717
2012-04-24,0.0012680122828180873,0.0012680122828180873,0.0016801532623454498,-0.0004121409795273625,-0.0004121409795273625,0.0,0.0,False,0.0,0.0,0.0016801532623454498
2012-04-25,0.006920909474009836,0.006920909474009836,0.007425691765333873,-0.0005047822913240374,-0.0005047822913240374,0.0,0.0,False,0.0,0.0,0.007425691765333873
2012-04-26,0.005334265374140194,0.005334265374140194,0.005285857698295428,4.840767584476588e-05,4.840767584476588e-05,0.0,0.0,False,0.0,0.0,0.005285857698295428
2012-04-27,0.0023363782530935536,0.0023363782530935536,0.002092679087476492,0.00024369916561706173,0.00024369916561706173,0.0,0.0,False,0.0,0.0,0.002092679087476492
2012-04-30,-0.0027734281763465655,-0.0027755358839942953,-0.0026063988093878087,-0.00016913707460648655,-0.00016702936695875675,0.0021077076477298224,2.1077076477298223e-06,True,0.0,0.0,-0.0026063988093878087
2012-05-01,0.0014019993830008911,0.0014019993830008911,0.0022833216316882287,-0.0008813222486873376,-0.0008813222486873376,0.0,0.0,False,0.008473918524125351,8.473918524125351e-06,0.0022748477131641033
2012-05-02,0.0005117624869392114,0.0005117624869392114,-0.0009048832521327778,0.0014166457390719892,0.0014166457390719892,0.0,0.0,False,0.0,0.0,-0.0009048832521327778
2012-05-03,-0.004740284189167731,-0.004740284189167731,-0.005004971624436865,0.00026468743526913367,0.00026468743526913367,0.0,0.0,False,0.0,0.0,-0.005004971624436865
2012-05-04,-0.006925914303719596,-0.006925914303719596,-0.008451500505520536,0.0015255862018009395,0.0015255862018009395,0.0,0.0,False,0.0,0.0,-0.008451500505520536
2012-05-07,0.0008214830121100778,0.0008072611455839692,0.0019932883915249645,-0.0011860272459409953,-0.0011718053794148868,0.014221866526108594,1.4221866526108595e-05,True,0.0,0.0,0.0019932883915249645
2012-05-08,-0.00035840641448732155,-0.00035840641448732155,-0.003975380981079583,0.003616974566592261,0.003616974566592261,0.0,0.0,False,0.0,0.0,-0.003975380981079583
2012-05-09,-0.0029164015997569298,-0.0029164015997569298,-0.005068152436657468,0.0021517508369005385,0.0021517508369005385,0.0,0.0,False,0.0,0.0,-0.005068152436657468
2012-05-10,0.0005283229564085813,0.0005283229564085813,0.001134781298472795,-0.0006064583420642137,-0.0006064583420642137,0.0,0.0,False,0.0,0.0,0.001134781298472795
2012-05-11,0.00013493990921830887,0.00013493990921830887,-0.0016217294194171734,0.0017566693286354823,0.0017566693286354823,0.0,0.0,False,0.0,0.0,-0.0016217294194171734
2012-05-14,-0.004288947994388119,-0.004298101065655179,-0.007250047297056162,0.002951946231400983,0.0029610993026680426,0.009153071267059176,9.153071267059176e-06,True,0.0,0.0,-0.007250047297056162
2012-05-15,-0.002358359648905747,-0.002358359648905747,-0.004344452353051555,0.0019860927041458086,0.0019860927041458086,0.0,0.0,False,0.0,0.0,-0.004344452353051555
2012-05-16,-0.0020573396344439185,-0.0020573396344439185,-0.0038474813846065044,0.001790141750162586,0.001790141750162586,0.0,0.0,False,0.0,0.0,-0.0038474813846065044
2012-05-17,-0.008291049273328719,-0.008291049273328719,-0.007922368430735145,-0.0003686808425935745,-0.0003686808425935745,0.0,0.0,False,0.0,0.0,-0.007922368430735145
2012-05-18,-0.005137488010450569,-0.005137488010450569,-0.005605284176460182,0.00046779616600961266,0.00046779616600961266,0.0,0.0,False,0.0,0.0,-0.005605284176460182
2012-05-21,0.008484646025141351,0.008463797684348318,0.01097765655496233,-0.002513858870614012,-0.002493010529820979,0.020848340793033687,2.0848340793033686e-05,True,0.0,0.0,0.01097765655496233
2012-05-22,-0.0013940333714790815,-0.0013940333714790815,-0.0027673088774977806,0.0013732755060186991,0.0013732755060186991,0.0,0.0,False,0.0,0.0,-0.0027673088774977806
2012-05-23,0.002373485752982237,0.002373485752982237,-2.662395271365518e-05,0.0024001097056958924,0.0024001097056958924,0.0,0.0,False,0.0,0.0,-2.662395271365518e-05
2012-05-24,0.00026800084779212904,0.00026800084779212904,-0.0013519895492553043,0.0016199903970474333,0.0016199903970474333,0.0,0.0,False,0.0,0.0,-0.0013519895492553043
2012-05-25,0.00017067299506701568,0.00017067299506701568,-0.000724895129273308,0.0008955681243403236,0.0008955681243403236,0.0,0.0,False,0.0,0.0,-0.000724895129273308
2012-05-29,0.006188135779334598,0.006184885951845043,0.008546315638497837,-0.0023614296866527936,-0.002358179859163239,0.0032498274895546913,3.2498274895546917e-06,True,0.0,0.0,0.008546315638497837
2012-05-30,-0.004341199413111829,-0.004341199413111829,-0.006677040044030802,0.002335840630918973,0.002335840630918973,0.0,0.0,False,0.0,0.0,-0.006677040044030802
2012-05-31,0.0015684307753055311,0.0015684307753055311,0.002847320061317469,-0.0012788892860119377,-0.0012788892860119377,0.0,0.0,False,0.0,0.0,0.002847320061317469
2012-06-01,-0.008827194802260813,-0.008827194802260813,-0.011710605579772698,0.002883410777511884,0.002883410777511884,0.0,0.0,False,0.027344933916253603,2.73449339162536e-05,-0.011737950513688951
