,gross,net,benchmark,active,gross_active,turnover,cost,rebalance
2011-01-03,0.0060769465182277,0.005776946518238626,0.005758296757441179,1.8649760797447533e-05,0.0003186497607865213,0.2999999999890737,0.00029999999998907366,True
2011-01-04,-0.0021560523673890696,-0.0021560523673890696,-0.00020089233104540923,-0.0019551600363436603,-0.0019551600363436603,0.0,0.0,False
2011-01-05,-0.0009442936469628207,-0.0009442936469628207,-0.0030702972421233383,0.0021260035951605177,0.0021260035951605177,0.0,0.0,False
2011-01-06,0.0004680275908711702,0.0004680275908711702,-0.0021675064486189983,0.0026355340394901687,0.0026355340394901687,0.0,0.0,False
2011-01-07,0.0013226117567943314,0.0013226117567943314,-5.727830696466334e-05,0.0013798900637589948,0.0013798900637589948,0.0,0.0,False
2011-01-10,0.002214821833603493,0.002214821833603493,-0.00016957081203450346,0.0023843926456379966,0.0023843926456379966,0.0,0.0,False
2011-01-11,0.0004391429557231634,0.0004391429557231634,0.002198163937179108,-0.0017590209814559448,-0.0017590209814559448,0.0,0.0,False
2011-01-12,0.0033528393336542577,0.0033528393336542577,0.007372694293567227,-0.004019854959912969,-0.004019854959912969,0.0,0.0,False
2011-01-13,0.0023968280341936606,0.0023968280341936606,0.0014255008444584221,0.0009713271897352385,0.0009713271897352385,0.0,0.0,False
2011-01-14,0.0020360925478429244,0.0020360925478429244,0.0022118698363226075,-0.00017577728847968307,-0.00017577728847968307,0.0,0.0,False
2011-01-18,-0.00025873382351612566,-0.00025873382351612566,0.000611217060078578,-0.0008699508835947037,-0.0008699508835947037,0.0,0.0,False
2011-01-19,-0.007425105897561778,-0.007425105897561778,-0.0053593850235490875,-0.0020657208740126904,-0.0020657208740126904,0.0,0.0,False
2011-01-20,-0.005831391286849643,-0.005831391286849643,-0.00616354755412692,0.0003321562672772768,0.0003321562672772768,0.0,0.0,False
2011-01-21,0.0007391412980414186,0.0007391412980414186,0.0014169000727246727,-0.000677758774683254,-0.000677758774683254,0.0,0.0,False
2011-01-24,0.0032970828479861936,0.0032970828479861936,0.004579098788427395,-0.001282015940441201,-0.001282015940441201,0.0,0.0,False
2011-01-25,0.002957610922244161,0.002957610922244161,0.001545140120536434,0.001412470801707727,0.001412470801707727,0.0,0.0,False
2011-01-26,0.001380429463185757,0.001380429463185757,0.0010121975605132346,0.00036823190267252235,0.00036823190267252235,0.0,0.0,False
2011-01-27,0.0028771915881048464,0.0028771915881048464,0.0021251190151424936,0.0007520725729623528,0.0007520725729623528,0.0,0.0,False
2011-01-28,-0.008467466899704273,-0.008467466899704273,-0.011696506406382366,0.003229039506678093,0.003229039506678093,0.0,0.0,False
2011-01-31,0.0018672775885059999,0.0018672775885059999,0.003377293916578691,-0.001510016328072691,-0.001510016328072691,0.0,0.0,False
