date,information_date,execution_date,return_date,regime,tracking_error_budget,decision_turnover,decision_turnover_budget,execution_tracking_error,execution_violations,status,message,estimated_tracking_error
2011-01-03,2010-12-29,2010-12-31,2011-01-03,normal,0.08,0.28000000000064834,0.27999999999999997,0.033379548970975906,,optimal,,0.033379548970975906
2011-02-01,2011-01-27,2011-01-31,2011-02-01,normal,0.08,0.2799999999971678,0.27999999999999997,0.042844328062628625,,optimal,,0.042844328062628625
2011-03-01,2011-02-24,2011-02-28,2011-03-01,normal,0.08,0.2799999999310832,0.27999999999999997,0.03994603723149828,,optimal,,0.03994603723149828
2011-04-01,2011-03-29,2011-03-31,2011-04-01,normal,0.08,0.20411784441776754,0.27999999999999997,0.05410325044397125,,optimal,,0.05410325044397125
2011-05-02,2011-04-27,2011-04-29,2011-05-02,normal,0.08,0.0957322443910813,0.27999999999999997,0.041567644255654145,,optimal,,0.041567644255654145
2011-06-01,2011-05-26,2011-05-31,2011-06-01,normal,0.08,0.11883320284909536,0.27999999999999997,0.042115099066877666,,optimal,,0.042115099066877666
2011-07-01,2011-06-28,2011-06-30,2011-07-01,normal,0.08,0.13981361285092667,0.27999999999999997,0.047010748658523956,,optimal,,0.047010748658523956
2011-08-01,2011-07-27,2011-07-29,2011-08-01,normal,0.08,0.27999999963190714,0.27999999999999997,0.025681015165194845,,optimal,,0.025681015165194845
2011-09-01,2011-08-29,2011-08-31,2011-09-01,high,0.08,0.24102829256813327,0.27999999999999997,0.04462591738846333,,optimal,,0.04462591738846333
2011-10-03,2011-09-28,2011-09-30,2011-10-03,high,0.08,0.2799999999909211,0.27999999999999997,0.03182345546617053,,optimal,,0.03182345546617053
2011-11-01,2011-10-27,2011-10-31,2011-11-01,high,0.08,0.24550036509916678,0.27999999999999997,0.052955603478749176,,optimal,,0.052955603478749176
2011-12-01,2011-11-28,2011-11-30,2011-12-01,high,0.08,0.27999999999549363,0.27999999999999997,0.03473544850525568,,optimal,,0.03473544850525568
2012-01-03,2011-12-28,2011-12-30,2012-01-03,high,0.08,0.2799999999812576,0.27999999999999997,0.03785929055160309,,optimal,,0.03785929055160309
2012-02-01,2012-01-27,2012-01-31,2012-02-01,normal,0.08,0.26158857761954973,0.27999999999999997,0.05095970702027793,,optimal,,0.05095970702027793
2012-03-01,2012-02-27,2012-02-29,2012-03-01,normal,0.08,0.01265260726109145,0.27999999999999997,0.05052814672494385,,optimal,,0.05052814672494385
2012-04-02,2012-03-28,2012-03-30,2012-04-02,normal,0.08,0.012008680314464415,0.27999999999999997,0.050439749217990756,,optimal,,0.050439749217990756
2012-05-01,2012-04-26,2012-04-30,2012-05-01,normal,0.08,0.09698492658582585,0.27999999999999997,0.039186933413525415,,optimal,,0.039186933413525415
2012-06-01,2012-05-29,2012-05-31,2012-06-01,normal,0.08,0.014102501667809013,0.27999999999999997,0.03923224652102943,,optimal,,0.03923224652102943
2012-07-02,2012-06-27,2012-06-29,2012-07-02,normal,0.08,0.004797877138992021,0.27999999999999997,0.039234383088834576,,optimal,,0.039234383088834576
2012-08-01,2012-07-27,2012-07-31,2012-08-01,normal,0.08,0.003945310359144149,0.27999999999999997,0.039653956335409156,,optimal,,0.039653956335409156
2012-09-04,2012-08-29,2012-08-31,2012-09-04,normal,0.08,0.22092231274342766,0.27999999999999997,0.030768870174421665,,optimal,,0.030768870174421665
2012-10-01,2012-09-26,2012-09-28,2012-10-01,normal,0.08,0.27999999999231134,0.27999999999999997,0.03946463901341017,,optimal,,0.03946463901341017
2012-11-01,2012-10-25,2012-10-31,2012-11-01,normal,0.08,0.19333443931387428,0.27999999999999997,0.02504796906018073,,optimal,,0.02504796906018073
2012-12-03,2012-11-28,2012-11-30,2012-12-03,normal,0.08,0.2799999998287603,0.27999999999999997,0.03541842493565082,,optimal,,0.03541842493565082
2013-01-02,2012-12-27,2012-12-31,2013-01-02,normal,0.08,0.27999999998923475,0.27999999999999997,0.019706461267668673,,optimal,,0.019706461267668673
2013-02-01,2013-01-29,2013-01-31,2013-02-01,normal,0.08,0.27999999999652797,0.27999999999999997,0.0189380500143604,,optimal,,0.0189380500143604
2013-03-01,2013-02-26,2013-02-28,2013-03-01,normal,0.08,0.27999999994182134,0.27999999999999997,0.03404501415697522,,optimal,,0.03404501415697522
2013-04-01,2013-03-26,2013-03-28,2013-04-01,normal,0.08,0.27999999883639926,0.27999999999999997,0.017508760317422545,,optimal,,0.017508760317422545
2013-05-01,2013-04-26,2013-04-30,2013-05-01,normal,0.08,0.2800000000027615,0.27999999999999997,0.02459901615086743,,optimal,,0.02459901615086743
2013-06-03,2013-05-29,2013-05-31,2013-06-03,normal,0.08,0.2799999999934482,0.27999999999999997,0.01763317730769903,,optimal,,0.01763317730769903
2013-07-01,2013-06-26,2013-06-28,2013-07-01,normal,0.08,0.14758770968878746,0.27999999999999997,0.0243680700837634,,optimal,,0.0243680700837634
2013-08-01,2013-07-29,2013-07-31,2013-08-01,normal,0.08,0.2799999996321637,0.27999999999999997,0.02042972430578455,,optimal,,0.02042972430578455
2013-09-03,2013-08-28,2013-08-30,2013-09-03,normal,0.08,0.27999999996253516,0.27999999999999997,0.03652086415371569,,optimal,,0.03652086415371569
2013-10-01,2013-09-26,2013-09-30,2013-10-01,normal,0.08,0.10593980576397569,0.27999999999999997,0.04306815150924808,,optimal,,0.04306815150924808
2013-11-01,2013-10-29,2013-10-31,2013-11-01,normal,0.08,0.14448035906918677,0.27999999999999997,0.03272939190748049,,optimal,,0.03272939190748049
2013-12-02,2013-11-26,2013-11-29,2013-12-02,normal,0.08,0.1369222886607218,0.27999999999999997,0.043769506000681094,,optimal,,0.043769506000681094
2014-01-02,2013-12-27,2013-12-31,2014-01-02,normal,0.08,0.14388929408025627,0.27999999999999997,0.029661086122471578,,optimal,,0.029661086122471578
2014-02-03,2014-01-29,2014-01-31,2014-02-03,normal,0.08,0.15215922929860598,0.27999999999999997,0.04318837274171126,,optimal,,0.04318837274171126
2014-03-03,2014-02-26,2014-02-28,2014-03-03,normal,0.08,0.14471840314781018,0.27999999999999997,0.029829347123619496,,optimal,,0.029829347123619496
2014-04-01,2014-03-27,2014-03-31,2014-04-01,normal,0.08,0.1417250756199147,0.27999999999999997,0.043940850740974924,,optimal,,0.043940850740974924
2014-05-01,2014-04-28,2014-04-30,2014-05-01,normal,0.08,0.06110392347556426,0.27999999999999997,0.04641493275709116,,optimal,,0.04641493275709116
2014-06-02,2014-05-28,2014-05-30,2014-06-02,normal,0.08,0.2799999999644531,0.27999999999999997,0.02584590146181811,,optimal,,0.02584590146181811
2014-07-01,2014-06-26,2014-06-30,2014-07-01,normal,0.08,0.26325205833441034,0.27999999999999997,0.0232717160454155,,optimal,,0.0232717160454155
2014-08-01,2014-07-29,2014-07-31,2014-08-01,normal,0.08,0.14342650702248463,0.27999999999999997,0.02889462980574014,,optimal,,0.02889462980574014
2014-09-02,2014-08-27,2014-08-29,2014-09-02,normal,0.08,0.023997294656975122,0.27999999999999997,0.02959424126567094,,optimal,,0.02959424126567094
2014-10-01,2014-09-26,2014-09-30,2014-10-01,normal,0.08,0.2799999998066886,0.27999999999999997,0.020675588488916978,,optimal,,0.020675588488916978
2014-11-03,2014-10-29,2014-10-31,2014-11-03,normal,0.08,0.27999999997522124,0.27999999999999997,0.018190877552495405,,optimal,,0.018190877552495405
2014-12-01,2014-11-25,2014-11-28,2014-12-01,normal,0.08,0.2600109878258299,0.27999999999999997,0.01591598803030981,,optimal,,0.01591598803030981
2015-01-02,2014-12-29,2014-12-31,2015-01-02,normal,0.08,0.1567757946011922,0.27999999999999997,0.014315093124957969,,optimal,,0.014315093124957969
2015-02-02,2015-01-28,2015-01-30,2015-02-02,normal,0.08,0.2625977615285559,0.27999999999999997,0.024493249934239264,,optimal,,0.024493249934239264
2015-03-02,2015-02-25,2015-02-27,2015-03-02,normal,0.08,0.17896559974004272,0.27999999999999997,0.01557441478130489,,optimal,,0.01557441478130489
2015-04-01,2015-03-27,2015-03-31,2015-04-01,normal,0.08,0.27999999971340506,0.27999999999999997,0.023897087908914635,,optimal,,0.023897087908914635
2015-05-01,2015-04-28,2015-04-30,2015-05-01,normal,0.08,0.11390033903410281,0.27999999999999997,0.022183319305189353,,optimal,,0.022183319305189353
2015-06-01,2015-05-27,2015-05-29,2015-06-01,normal,0.08,0.007833084946362118,0.27999999999999997,0.022208443538101086,,optimal,,0.022208443538101086
2015-07-01,2015-06-26,2015-06-30,2015-07-01,normal,0.08,0.20959039518210412,0.27999999999999997,0.023495862048799776,,optimal,,0.023495862048799776
2015-08-03,2015-07-29,2015-07-31,2015-08-03,normal,0.08,0.1953466901685713,0.27999999999999997,0.03434257624243847,,optimal,,0.03434257624243847
2015-09-01,2015-08-27,2015-08-31,2015-09-01,normal,0.08,0.01640129306772557,0.27999999999999997,0.0363967998286469,,optimal,,0.0363967998286469
2015-10-01,2015-09-28,2015-09-30,2015-10-01,normal,0.08,0.1556964485825647,0.27999999999999997,0.03693618178075196,,optimal,,0.03693618178075196
2015-11-02,2015-10-28,2015-10-30,2015-11-02,high,0.08,0.15542298875887564,0.27999999999999997,0.035850659262079435,,optimal,,0.035850659262079435
2015-12-01,2015-11-25,2015-11-30,2015-12-01,normal,0.08,0.2799999999788005,0.27999999999999997,0.02231651753814069,,optimal,,0.02231651753814069
2016-01-04,2015-12-29,2015-12-31,2016-01-04,normal,0.08,0.0022370219341214326,0.27999999999999997,0.02239322863071757,,optimal,,0.02239322863071757
2016-02-01,2016-01-27,2016-01-29,2016-02-01,normal,0.08,0.02567849632973359,0.27999999999999997,0.023188970575796296,,optimal,,0.023188970575796296
2016-03-01,2016-02-25,2016-02-29,2016-03-01,high,0.08,0.06769697582787124,0.27999999999999997,0.02211051602154076,,optimal,,0.02211051602154076
2016-04-01,2016-03-29,2016-03-31,2016-04-01,normal,0.08,0.014161975592816359,0.27999999999999997,0.02298280083029398,,optimal,,0.02298280083029398
2016-05-02,2016-04-27,2016-04-29,2016-05-02,normal,0.08,0.006202732064748142,0.27999999999999997,0.02320509681422437,,optimal,,0.02320509681422437
2016-06-01,2016-05-26,2016-05-31,2016-06-01,normal,0.08,0.2115428627394279,0.27999999999999997,0.02078921235388891,,optimal,,0.02078921235388891
2016-07-01,2016-06-28,2016-06-30,2016-07-01,normal,0.08,0.16795400996030524,0.27999999999999997,0.03174559257268655,,optimal,,0.03174559257268655
2016-08-01,2016-07-27,2016-07-29,2016-08-01,normal,0.08,0.008518074914586286,0.27999999999999997,0.030594538268699352,,optimal,,0.030594538268699352
2016-09-01,2016-08-29,2016-08-31,2016-09-01,normal,0.08,0.09000000044845635,0.27999999999999997,0.027670048109835216,,optimal,,0.027670048109835216
2016-10-03,2016-09-28,2016-09-30,2016-10-03,normal,0.08,0.057475470211847506,0.27999999999999997,0.02847704821000467,,optimal,,0.02847704821000467
2016-11-01,2016-10-27,2016-10-31,2016-11-01,normal,0.08,0.2799999997946906,0.27999999999999997,0.042914671021634584,,optimal,,0.042914671021634584
2016-12-01,2016-11-28,2016-11-30,2016-12-01,normal,0.08,0.27999999980537915,0.27999999999999997,0.043358907340449074,,optimal,,0.043358907340449074
2017-01-03,2016-12-28,2016-12-30,2017-01-03,normal,0.08,0.2800000000097611,0.27999999999999997,0.026171908380062805,,optimal,,0.026171908380062805
2017-02-01,2017-01-27,2017-01-31,2017-02-01,normal,0.08,0.27999999924467545,0.27999999999999997,0.03989931974100784,,optimal,,0.03989931974100784
2017-03-01,2017-02-24,2017-02-28,2017-03-01,normal,0.08,0.2799999999811373,0.27999999999999997,0.040984995875681225,,optimal,,0.040984995875681225
2017-04-03,2017-03-29,2017-03-31,2017-04-03,normal,0.08,0.2799999999794824,0.27999999999999997,0.038041907531236555,,optimal,,0.038041907531236555
2017-05-01,2017-04-26,2017-04-28,2017-05-01,normal,0.08,0.2095153848145471,0.27999999999999997,0.02686552232562068,,optimal,,0.02686552232562068
2017-06-01,2017-05-26,2017-05-31,2017-06-01,normal,0.08,0.27999999903632705,0.27999999999999997,0.0481180001568747,,optimal,,0.0481180001568747
2017-07-03,2017-06-28,2017-06-30,2017-07-03,normal,0.08,0.2800000000344367,0.27999999999999997,0.021904712605589204,,optimal,,0.021904712605589204
2017-08-01,2017-07-27,2017-07-31,2017-08-01,normal,0.08,0.005955538300279234,0.27999999999999997,0.021318742174140544,,optimal,,0.021318742174140544
2017-09-01,2017-08-29,2017-08-31,2017-09-01,normal,0.08,0.14131739211800148,0.27999999999999997,0.028251303820591628,,optimal,,0.028251303820591628
2017-10-02,2017-09-27,2017-09-29,2017-10-02,normal,0.08,0.05032902254326318,0.27999999999999997,0.02810956949032697,,optimal,,0.02810956949032697
2017-11-01,2017-10-27,2017-10-31,2017-11-01,normal,0.08,0.14420533594272306,0.27999999999999997,0.020770825859155306,,optimal,,0.020770825859155306
2017-12-01,2017-11-28,2017-11-30,2017-12-01,normal,0.08,0.003233289209590885,0.27999999999999997,0.018851129879302576,,optimal,,0.018851129879302576
