,signal_capture
2011-01-03,0.47365297181023225
2011-02-01,0.6704662230756246
2011-03-01,0.5976291430929777
2011-04-01,0.5225199531042501
2011-05-02,0.6976237652409925
2011-06-01,0.9462827320302118
2011-07-01,0.86820588958525
2011-08-01,0.6695311219074225
2011-09-01,0.8631651254428646
2011-10-03,0.3925571598475019
2011-11-01,0.2857351276188429
2011-12-01,0.28515524937840847
2012-01-03,0.25331632648331825
2012-02-01,0.33738646587204596
2012-03-01,0.2884354350214199
2012-04-02,0.2642468746547784
2012-05-01,0.5032747255074805
2012-06-01,0.4918040165443678
2012-07-02,0.5713000739115582
2012-08-01,0.39821590766300424
2012-09-04,0.38350562618128453
2012-10-01,0.6286318991202462
2012-11-01,0.8164313812607966
2012-12-03,0.7145180438754625
2013-01-02,0.6933147318749862
2013-02-01,0.5512416880269252
2013-03-01,0.7216505036338341
2013-04-01,0.3140154868758136
2013-05-01,0.774668337143028
2013-06-03,0.6987817207548316
2013-07-01,0.9701393338196663
2013-08-01,0.7520899800389585
2013-09-03,0.8840560634398649
2013-10-01,0.9959410259825766
2013-11-01,0.8977815738841294
2013-12-02,0.937488784635849
2014-01-02,0.7517330863923487
2014-02-03,0.9999999979467649
2014-03-03,0.7676037755031893
2014-04-01,0.9902653917660384
2014-05-01,1.0000000000171854
2014-06-02,0.9136818289261913
2014-07-01,0.869488002410075
2014-08-01,0.9957010661253749
2014-09-02,0.9107739390484789
2014-10-01,0.6145517091906273
2014-11-03,0.6023302698346387
2014-12-01,0.2840220535278115
2015-01-02,0.33034405073018025
2015-02-02,0.6215175912092867
2015-03-02,0.281973398541407
2015-04-01,0.6887424356919802
2015-05-01,0.6172775445468686
2015-06-01,0.4859899325081939
2015-07-01,0.7347243518320624
2015-08-03,0.9261268723267506
2015-09-01,0.8574932699188306
2015-10-01,0.6605263176965916
2015-11-02,0.2930064772687597
2015-12-01,0.2966220600405752
2016-01-04,0.502695988940445
2016-02-01,0.6746030248412261
2016-03-01,0.40107382038345696
2016-04-01,0.3723051717233875
2016-05-02,0.3418536975214464
2016-06-01,0.3923592119063781
2016-07-01,0.5646676992166885
2016-08-01,0.29920321512828063
2016-09-01,0.3715813637505045
2016-10-03,0.764945666666314
2016-11-01,0.4286940036380435
2016-12-01,0.23957597635519523
2017-01-03,0.46834101879624995
2017-02-01,0.9652525999284837
2017-03-01,0.9558259657367858
2017-04-03,0.9834432274861566
2017-05-01,0.8882569953166128
2017-06-01,0.987127487983149
2017-07-03,0.9478793889692395
2017-08-01,0.8130997101418541
2017-09-01,0.9968448806682101
2017-10-02,0.9738895622042307
2017-11-01,0.908842532112715
2017-12-01,0.9896209203710007
