,SPY,IWM,EFA,EEM,IEF,TLT,LQD,HYG,GLD,VNQ
2011-01-03,0.30000000001127675,0.1999999999651268,0.0,1.457973846271023e-11,0.3499999999146422,1.1099681405150724e-11,0.15000000002179148,9.707397385381306e-12,4.934484662406207e-11,2.4311190589510948e-12
2011-01-04,0.3012706251418139,0.20224740096006058,0.0,1.4631596944848036e-11,0.3468106882571838,1.0949411044047936e-11,0.14967128555445086,9.656243071323409e-12,4.879222333947662e-11,2.4613865666621038e-12
2011-01-05,0.30175515189490887,0.19967979587440232,0.0,1.4730283645669565e-11,0.34837738708559857,1.0985996847340823e-11,0.1501876650594874,9.721017334861385e-12,4.774607415940289e-11,2.419469577569435e-12
2011-01-06,0.30361029394833716,0.20221333499021293,0.0,1.4707588500081724e-11,0.34495004951923514,1.0754164302497816e-11,0.14922632145691128,9.754860914195927e-12,4.765642839104931e-11,2.430511169656603e-12
2011-01-07,0.30287385889541574,0.20117608328421038,0.0,1.454515727776671e-11,0.34657303549201424,1.0796140316364624e-11,0.14937702224340707,9.762080108893023e-12,4.744270679842632e-11,2.4066212646564833e-12
2011-01-10,0.1527080483867272,0.3499999999758297,0.0,0.0,0.3465730363833324,0.0,0.050718915328972033,0.0,0.0999999999010872,2.40513800080676e-11
2011-01-11,0.15198567386022685,0.350782128405205,0.0,0.0,0.34654614367642417,0.0,0.050630829859285256,0.0,0.10005522417489515,2.3963430593192297e-11
2011-01-12,0.15234688473917554,0.3517939665529421,0.0,0.0,0.3447829320672886,0.0,0.05054871746406426,0.0,0.10052749915264596,2.3883332220303093e-11
2011-01-13,0.15314334623849676,0.3534761261306815,0.0,0.0,0.3424967427531679,0.0,0.05032623476265803,0.0,0.10055755009110254,2.3893174092824196e-11
2011-01-14,0.15272601964822424,0.35295702907116905,0.0,0.0,0.3444269435380798,0.0,0.05048799333327873,0.0,0.09940201438530306,2.3944983319652594e-11
